StockId,EtablissementId,QuantiteAllouee,DateAffectation
1,17,162,2024-05-07
1,12,184,2024-07-04
1,15,184,2023-08-11
1,10,98,2024-08-24
1,24,177,2023-05-20
2,15,38,2024-12-08
2,4,171,2023-09-04
2,8,166,2023-03-11
3,9,121,2024-08-03
3,24,72,2023-05-08
3,20,154,2024-08-13
3,13,91,2024-02-23
3,3,56,2023-04-15
4,16,122,2023-12-12
4,9,173,2023-12-13
4,8,50,2024-07-23
5,5,66,2023-08-30
6,9,28,2023-07-15
6,17,168,2024-09-20
6,15,30,2024-04-06
6,12,150,2024-05-27
6,13,154,2023-09-03
7,16,147,2023-05-17
7,11,66,2024-06-03
7,12,42,2024-03-05
7,19,197,2023-01-05
7,22,57,2024-08-18
8,2,160,2023-12-14
8,21,13,2024-10-17
8,25,91,2023-12-16
8,1,83,2024-06-01
8,11,99,2024-02-15
9,15,68,2023-01-05
10,11,18,2023-02-15
10,18,92,2024-06-07
10,12,196,2024-11-26
10,10,155,2023-09-29
11,19,67,2024-05-17
12,10,42,2024-09-05
12,6,178,2024-12-29
12,14,199,2023-03-11
13,4,69,2023-12-18
13,5,73,2023-01-15
13,7,24,2023-10-03
13,20,114,2023-08-01
14,8,59,2024-10-05
14,7,192,2023-11-18
14,12,104,2024-12-09
15,16,15,2024-04-25
15,11,156,2024-09-18
15,19,111,2024-07-19
15,22,50,2024-06-17
15,18,138,2024-09-10
16,24,40,2023-03-13
16,23,162,2023-02-12
17,1,135,2023-07-02
17,17,171,2023-01-02
17,16,93,2023-01-01
17,18,172,2023-11-01
18,17,189,2023-09-23
18,21,131,2023-10-21
18,18,58,2023-12-25
18,5,129,2023-11-22
19,8,126,2023-10-09
19,2,66,2024-11-16
19,19,158,2024-07-17
19,16,174,2024-04-01
20,24,155,2024-01-08
20,8,137,2023-03-06
20,14,178,2023-09-20
20,13,155,2023-12-03
20,1,137,2024-04-22
21,11,174,2024-09-07
21,1,84,2023-07-07
21,25,81,2023-02-12
21,2,103,2024-11-23
21,22,179,2024-08-13
22,15,190,2023-04-02
23,20,50,2024-06-30
23,13,166,2024-05-09
24,22,30,2024-11-01
25,15,166,2024-10-12
26,23,186,2024-10-12
26,6,47,2024-10-09
27,12,50,2023-06-21
27,5,98,2023-06-20
27,15,84,2023-09-08
27,17,108,2024-08-25
28,1,169,2023-05-09
28,11,87,2024-01-17
29,24,99,2024-05-08
30,16,123,2023-04-26
30,4,91,2023-02-18
30,3,62,2023-03-28
30,15,159,2024-11-04
31,25,173,2024-01-08
31,24,90,2024-10-28
31,15,151,2023-12-02
31,6,33,2023-04-05
31,9,193,2024-04-14
32,18,181,2023-06-21
32,15,138,2024-10-20
32,22,87,2023-02-14
32,2,11,2024-03-23
32,17,136,2023-07-29
33,23,61,2023-04-03
33,11,186,2024-05-25
33,25,150,2023-12-11
34,12,60,2024-06-08
35,11,46,2023-03-22
35,20,121,2023-11-17
35,21,143,2023-01-26
35,16,65,2024-06-06
36,12,188,2024-03-02
36,2,16,2023-07-30
36,25,99,2024-10-04
36,15,31,2024-11-01
36,24,58,2023-04-27
37,14,165,2023-01-15
38,15,42,2024-02-25
38,6,146,2024-07-07
38,3,37,2023-12-18
38,25,91,2023-07-18
39,18,56,2023-12-20
39,8,133,2024-04-27
39,15,143,2024-02-17
39,1,95,2024-02-22
40,15,152,2023-05-18
40,19,49,2023-07-17
41,10,195,2024-12-30
42,6,36,2023-01-10
42,10,132,2024-03-18
42,3,71,2023-02-20
42,8,10,2023-07-19
42,16,119,2024-09-24
43,19,145,2024-04-03
43,2,105,2023-01-13
44,7,184,2024-09-23
44,2,138,2024-10-23
44,14,62,2023-10-26
44,18,118,2024-10-28
44,9,142,2024-07-18
45,14,123,2023-02-20
46,7,111,2023-10-24
46,18,118,2024-08-16
47,22,112,2023-08-04
47,14,131,2024-02-21
47,2,133,2024-12-04
48,12,72,2023-08-17
48,19,198,2023-08-28
48,15,93,2024-05-12
49,4,200,2023-12-16
49,1,173,2023-11-23
49,11,181,2023-02-13
50,16,13,2024-06-04
50,22,85,2024-05-30
50,5,20,2024-05-28
50,12,55,2023-10-18
51,23,176,2024-05-11
51,24,167,2023-12-31
51,18,198,2024-09-10
52,18,93,2023-04-02
52,3,145,2023-10-11
52,1,124,2024-02-03
52,21,48,2024-07-04
52,11,64,2023-10-24
53,16,102,2023-01-21
53,17,130,2024-12-02
53,10,171,2024-04-06
54,2,15,2023-08-25
54,17,49,2024-07-23
55,4,31,2023-08-07
55,1,104,2023-02-16
55,10,25,2024-06-13
56,24,72,2023-09-13
56,25,39,2024-04-14
56,10,113,2024-04-23
56,19,107,2024-12-06
57,17,181,2024-01-20
58,14,184,2024-11-03
59,3,97,2024-04-28
60,21,32,2023-12-04
60,13,69,2023-01-17
60,14,175,2024-06-10
61,1,122,2024-05-12
61,23,179,2024-10-04
61,9,177,2024-11-24
62,2,151,2023-08-28
62,10,87,2023-11-30
62,11,18,2024-11-07
63,19,113,2023-03-16
63,5,156,2024-01-06
63,21,169,2024-06-15
63,16,184,2024-10-10
63,1,19,2023-05-07
64,10,121,2023-11-14
64,20,176,2023-02-08
64,8,99,2023-09-23
64,11,199,2024-03-06
65,2,64,2023-08-06
65,22,153,2023-07-18
65,8,65,2024-01-12
65,21,113,2024-06-28
65,13,84,2023-05-18
66,5,93,2023-01-06
66,6,140,2023-06-29
66,10,200,2023-06-03
66,12,34,2023-10-11
67,2,70,2024-08-02
67,17,99,2023-03-13
67,24,26,2023-09-27
67,8,85,2023-05-19
68,9,172,2024-06-17
68,21,166,2024-04-19
69,13,165,2024-05-07
69,23,19,2023-11-22
69,8,20,2024-05-16
69,22,196,2024-04-18
70,9,101,2024-04-03
71,19,150,2024-11-01
71,23,14,2023-05-21
72,23,149,2023-02-28
72,24,198,2023-03-06
72,18,116,2023-04-16
73,21,87,2023-06-30
73,6,12,2023-07-23
73,11,185,2023-04-23
73,4,157,2024-12-15
74,4,154,2024-06-25
74,24,158,2023-02-12
74,15,138,2024-03-24
74,2,124,2024-10-22
75,3,13,2023-11-25
75,16,161,2023-07-02
76,4,14,2024-07-29
76,13,68,2023-07-24
76,14,170,2024-06-23
76,18,149,2023-07-18
76,8,85,2023-03-12
77,20,150,2024-02-10
77,4,34,2023-04-02
77,22,103,2023-09-01
77,6,23,2024-01-06
78,13,74,2024-04-12
79,9,49,2024-08-27
79,14,104,2024-06-06
79,13,122,2024-11-06
80,4,99,2023-06-13
80,5,66,2023-10-14
81,4,161,2023-05-03
81,5,138,2024-01-01
81,15,125,2023-01-11
81,13,111,2024-04-18
82,25,159,2023-07-08
82,6,100,2023-12-26
83,24,135,2024-11-27
83,21,81,2024-09-25
83,19,103,2023-04-27
83,10,19,2023-04-25
84,2,125,2023-07-02
84,21,40,2024-06-26
84,19,129,2023-03-16
84,17,69,2024-03-17
84,20,176,2024-09-11
85,3,96,2024-09-06
85,25,136,2023-09-11
86,14,19,2023-05-09
87,6,77,2024-01-17
87,13,74,2024-11-19
87,3,124,2023-10-18
88,14,95,2023-01-10
89,9,77,2024-07-05
90,12,57,2024-10-27
91,9,178,2024-08-22
91,10,138,2024-07-13
91,12,199,2024-11-24
91,22,172,2024-08-30
92,20,199,2024-04-21
92,14,162,2023-02-02
93,24,32,2024-10-28
93,12,178,2024-02-08
93,9,182,2023-05-26
94,4,21,2024-07-24
94,8,75,2024-02-10
94,24,162,2024-08-04
94,15,139,2024-03-23
94,18,134,2024-11-04
95,5,150,2023-01-19
95,1,59,2024-11-11
95,20,123,2024-05-04
95,7,73,2024-11-05
96,13,54,2024-07-16
96,11,131,2023-10-23
96,24,181,2024-02-11
96,6,116,2023-10-13
96,10,10,2024-02-23
97,10,76,2024-10-03
97,22,79,2023-11-21
97,4,10,2024-08-09
97,14,53,2024-12-28
98,23,58,2023-11-14
98,4,82,2023-10-17
98,7,49,2023-02-19
98,12,93,2023-10-15
99,11,152,2024-10-22
99,13,60,2024-05-08
99,3,46,2024-08-03
100,24,146,2024-08-25
100,5,75,2024-10-10
100,3,41,2024-08-18
100,7,186,2024-10-06
101,12,157,2024-12-28
101,3,180,2024-01-06
101,1,100,2024-08-11
102,5,46,2024-10-23
102,21,133,2023-06-14
102,12,96,2023-03-11
103,12,112,2023-12-08
104,17,188,2023-01-07
104,21,13,2024-10-31
104,2,122,2023-07-12
104,9,50,2024-02-24
104,6,130,2024-09-11
105,5,110,2024-07-01
106,7,18,2024-05-23
106,10,187,2024-05-26
107,22,64,2024-09-14
107,20,135,2023-12-18
108,4,130,2024-10-18
108,24,50,2024-08-12
108,8,125,2024-09-07
108,5,73,2023-07-29
108,14,72,2023-09-16
109,14,124,2023-05-04
109,5,124,2024-12-20
110,15,95,2023-05-01
110,10,139,2023-04-29
110,14,140,2024-02-25
110,20,41,2024-09-01
111,21,124,2024-08-22
111,10,173,2024-10-07
111,25,190,2024-06-09
111,13,127,2024-09-13
111,18,85,2024-04-01
112,22,165,2023-04-05
112,5,166,2024-02-07
112,19,59,2023-12-14
112,10,28,2024-03-10
112,9,61,2023-02-04
113,16,196,2024-03-18
113,12,113,2024-04-15
113,21,114,2023-09-21
113,6,139,2023-01-29
114,23,185,2024-05-26
114,20,94,2024-02-07
114,1,68,2024-04-23
115,21,63,2023-02-24
115,14,57,2023-04-24
115,15,18,2023-01-12
115,17,58,2024-06-23
116,13,41,2024-01-12
117,4,125,2024-06-28
117,16,162,2024-09-09
118,11,72,2024-08-05
119,2,184,2023-07-10
119,7,146,2024-05-20
119,18,66,2024-05-07
120,7,177,2023-10-07
120,4,91,2024-04-09
121,17,14,2024-05-20
122,13,113,2024-12-10
123,18,73,2023-09-03
123,1,118,2024-06-17
123,6,44,2024-04-21
124,2,145,2023-02-26
124,4,187,2023-06-16
124,20,198,2023-05-11
124,8,167,2024-06-10
124,17,174,2024-08-15
125,7,100,2024-02-13
125,3,80,2023-03-13
125,4,181,2023-12-24
126,19,149,2023-08-08
126,16,34,2024-12-10
127,16,32,2024-06-30
127,8,91,2023-01-20
127,9,158,2024-08-28
128,1,182,2024-02-02
129,25,117,2024-01-30
129,14,56,2024-03-09
129,1,70,2023-07-22
129,17,193,2023-06-12
130,12,19,2023-04-15
130,2,46,2024-10-14
130,10,115,2023-05-15
130,13,177,2024-10-29
131,5,136,2024-01-21
131,10,151,2023-06-14
132,5,188,2024-08-25
132,11,47,2024-07-09
132,4,119,2024-06-15
132,21,174,2024-09-14
132,18,35,2023-06-30
133,11,116,2024-06-26
133,2,42,2023-02-06
134,2,145,2024-03-18
135,2,132,2023-09-13
135,3,167,2024-02-03
135,11,158,2023-05-18
136,21,191,2024-03-07
136,1,167,2024-03-07
136,13,144,2023-02-21
136,5,26,2023-08-05
137,19,166,2023-05-10
138,21,145,2024-07-08
138,12,111,2023-03-23
138,6,117,2023-05-04
138,14,105,2023-10-05
139,18,64,2023-08-29
140,18,152,2023-01-06
140,3,182,2023-02-14
140,25,51,2024-06-16
140,13,39,2023-03-25
141,2,130,2023-02-26
141,15,60,2024-02-14
141,8,23,2023-12-14
142,22,60,2023-08-28
142,15,158,2024-06-30
142,3,14,2024-11-05
142,9,59,2024-01-19
142,25,168,2024-02-13
143,20,49,2024-11-08
144,2,97,2024-02-19
145,6,11,2024-04-19
145,13,171,2023-01-19
145,2,55,2023-06-19
145,16,176,2024-10-27
146,16,93,2023-04-01
146,10,177,2023-09-25
146,17,124,2024-11-03
147,17,26,2023-05-11
147,23,69,2023-03-11
147,18,53,2023-01-08
147,20,128,2023-06-24
147,6,68,2024-12-26
148,4,63,2023-01-15
148,11,54,2023-12-24
148,6,44,2024-08-11
148,5,157,2023-02-20
148,20,126,2023-11-05
149,25,75,2023-05-02
149,11,19,2024-02-26
150,10,161,2023-02-28
151,18,85,2024-05-29
151,22,135,2023-01-25
152,10,31,2023-01-24
152,8,139,2024-10-08
152,21,147,2023-01-04
153,10,126,2024-11-03
153,12,149,2023-10-29
153,20,23,2023-03-05
153,9,24,2024-09-25
154,21,79,2023-01-28
154,19,119,2024-01-20
154,6,65,2024-11-25
154,24,112,2023-05-02
155,20,99,2024-05-06
155,17,102,2023-10-11
155,8,173,2024-06-24
155,16,176,2023-12-04
156,21,96,2024-06-19
156,1,149,2023-06-27
156,9,72,2023-06-10
157,16,137,2023-01-22
157,12,128,2023-11-09
157,2,18,2023-11-24
157,1,167,2023-09-10
157,24,158,2023-01-28
158,24,58,2024-10-16
159,15,47,2023-10-21
160,21,29,2024-01-12
161,25,160,2023-01-28
161,12,190,2024-05-31
162,1,105,2024-09-21
162,10,182,2023-03-20
162,7,117,2023-06-21
162,8,158,2023-01-23
162,4,117,2023-12-11
163,1,31,2023-02-12
163,4,89,2023-08-16
163,2,113,2024-01-07
164,3,168,2023-03-14
165,7,57,2023-09-20
165,11,11,2023-11-19
166,6,155,2023-07-05
166,13,63,2024-03-13
166,2,29,2023-06-22
166,22,109,2023-06-24
167,5,112,2024-01-09
167,25,68,2023-06-05
167,13,69,2024-04-14
168,13,34,2024-04-01
169,2,58,2024-11-09
169,18,36,2024-06-29
169,5,11,2023-01-22
170,16,31,2023-03-21
171,4,91,2023-04-20
171,20,129,2024-01-15
171,19,199,2023-02-04
171,10,74,2024-07-08
172,11,38,2023-12-01
173,22,151,2024-05-18
173,21,28,2023-07-28
173,19,163,2023-10-09
173,12,191,2024-10-06
173,1,12,2023-06-24
174,25,95,2024-08-19
175,25,101,2024-11-04
175,15,50,2024-02-01
175,8,116,2023-10-29
175,21,67,2024-05-14
176,20,130,2023-02-15
176,12,120,2024-01-25
176,3,71,2024-08-15
177,6,71,2023-04-20
177,9,176,2023-05-12
177,4,17,2023-03-15
178,23,144,2023-09-28
178,6,106,2024-04-11
179,4,93,2023-11-12
179,2,200,2024-10-16
179,13,118,2024-10-23
179,14,15,2024-08-17
180,10,52,2023-01-26
180,19,59,2023-09-24
181,15,180,2024-12-14
181,10,87,2023-10-30
181,3,158,2024-01-03
182,12,130,2024-09-15
183,16,96,2023-08-06
184,5,136,2023-03-15
184,23,184,2024-05-17
185,20,99,2024-05-29
185,16,51,2024-06-07
185,23,110,2023-06-02
185,22,41,2023-09-26
185,25,90,2024-02-22
186,15,112,2024-09-01
186,17,196,2023-01-08
186,20,151,2024-11-20
186,23,73,2023-07-19
186,4,35,2023-03-04
187,4,51,2024-10-05
187,11,195,2023-10-25
187,3,77,2023-06-26
187,9,39,2024-01-14
188,10,138,2024-08-07
188,23,89,2023-03-10
189,10,65,2023-08-15
189,14,29,2024-07-15
189,15,182,2023-03-31
190,15,199,2024-12-29
190,3,130,2023-09-19
191,3,184,2023-02-20
191,19,114,2023-10-10
191,1,112,2023-10-03
192,11,100,2024-03-10
192,10,131,2023-02-08
192,21,199,2024-05-02
192,2,11,2023-11-28
192,18,59,2023-08-25
193,1,33,2023-06-02
193,4,136,2023-11-26
193,21,113,2023-04-16
194,15,17,2024-06-18
195,4,39,2024-04-05
195,7,36,2023-06-07
195,21,182,2024-05-03
195,2,42,2023-01-30
196,7,180,2024-03-15
196,18,143,2023-07-22
196,8,171,2023-02-14
196,3,176,2023-07-25
197,15,51,2024-05-31
198,8,91,2023-12-10
199,19,76,2023-04-28
199,13,13,2023-11-21
199,12,17,2023-12-08
199,14,26,2023-03-29
200,3,91,2023-02-16
200,22,84,2023-01-10
200,25,43,2023-05-15
200,21,112,2023-05-12
200,24,195,2023-09-08
201,23,122,2024-05-28
202,5,81,2023-05-27
202,10,62,2024-07-31
202,3,79,2023-12-16
202,4,186,2023-05-25
202,14,54,2024-02-29
203,22,41,2024-12-05
203,23,74,2023-08-21
203,3,131,2024-01-17
204,10,121,2023-07-26
204,22,46,2023-03-16
204,13,80,2023-07-12
205,5,85,2024-04-21
205,8,42,2023-09-30
205,2,200,2024-03-06
205,21,28,2024-03-06
205,14,30,2023-12-13
206,17,67,2024-04-21
206,9,142,2023-06-14
206,13,162,2024-04-25
206,2,99,2023-01-21
207,21,189,2024-09-14
208,20,81,2024-05-21
208,5,186,2023-12-04
208,8,118,2023-04-17
209,11,136,2024-08-29
209,5,83,2023-08-10
209,3,118,2023-08-04
209,25,75,2024-10-11
210,7,35,2023-10-20
210,25,120,2023-12-27
210,8,79,2023-10-25
211,11,92,2023-09-15
211,1,175,2024-03-07
211,14,83,2024-12-16
211,2,36,2023-02-15
211,25,34,2024-05-18
212,16,36,2023-07-12
212,21,67,2023-10-04
213,21,71,2024-11-16
213,14,171,2024-11-15
213,24,36,2024-02-04
214,16,149,2023-04-04
215,22,119,2023-04-23
215,2,157,2024-05-03
215,21,185,2024-08-16
215,16,92,2023-07-14
215,18,125,2024-02-15
216,2,144,2023-09-08
216,4,68,2023-04-20
216,18,13,2023-07-11
216,25,80,2024-12-30
217,23,182,2023-09-20
218,21,135,2024-02-21
218,9,88,2024-10-30
218,10,137,2024-08-28
219,8,189,2023-05-25
219,9,67,2024-09-20
220,21,73,2024-10-22
220,20,120,2023-06-01
220,16,164,2023-12-03
221,2,138,2023-06-20
221,4,102,2024-07-24
221,22,49,2024-09-22
221,14,102,2023-06-26
222,3,189,2023-01-15
222,22,133,2024-07-26
223,2,154,2024-05-10
223,9,64,2023-12-27
223,1,131,2024-04-05
224,3,39,2024-06-24
225,11,188,2024-03-27
225,20,124,2024-07-24
225,13,78,2023-09-13
225,18,174,2024-10-18
225,19,14,2024-11-15
226,12,195,2024-03-25
226,6,178,2023-01-28
226,19,100,2024-01-12
226,1,18,2024-12-08
226,11,163,2023-09-28
227,16,138,2023-01-20
227,19,27,2024-04-04
227,5,145,2024-11-21
228,15,109,2023-07-12
228,24,111,2024-09-12
228,5,139,2024-01-01
229,13,62,2024-03-04
230,20,119,2023-07-10
230,21,172,2024-08-22
230,6,34,2024-08-01
230,10,33,2023-11-17
230,3,162,2023-11-26
231,9,194,2024-04-10
231,2,195,2024-04-30
231,23,172,2024-03-13
232,6,175,2023-05-20
232,24,166,2023-06-25
232,16,16,2024-07-10
232,17,140,2023-06-19
233,24,61,2023-07-25
233,21,32,2024-01-15
233,2,41,2023-05-29
233,13,48,2024-03-19
233,17,180,2023-09-11
234,15,159,2023-11-11
235,20,48,2024-06-14
235,5,51,2024-12-18
235,18,63,2023-02-18
236,3,94,2023-08-28
236,6,109,2023-01-17
237,16,186,2023-11-05
237,5,191,2023-04-27
237,12,64,2023-10-26
237,1,142,2024-05-12
238,25,118,2023-01-26
238,14,54,2024-09-21
238,4,186,2024-03-28
239,23,58,2024-01-01
239,4,81,2023-05-05
239,9,54,2023-05-25
239,3,137,2023-11-29
240,7,135,2023-12-09
240,5,69,2024-07-20
240,11,189,2023-12-26
240,21,135,2024-02-19
241,6,89,2023-02-22
241,4,194,2023-02-28
241,22,48,2023-05-30
242,20,74,2023-02-28
243,2,162,2023-09-25
243,15,71,2024-07-09
244,9,140,2024-09-17
244,4,126,2024-08-05
244,12,26,2023-11-18
244,21,168,2023-02-20
245,10,94,2024-07-29
245,5,155,2023-12-25
245,11,44,2024-12-19
245,2,179,2023-01-20
245,22,94,2023-06-09
246,21,157,2023-12-25
246,1,103,2024-11-19
247,23,150,2024-07-23
247,24,135,2023-08-31
247,22,136,2023-08-06
248,23,181,2024-12-24
248,20,56,2024-09-08
248,8,135,2024-11-07
248,13,63,2023-12-18
248,10,127,2023-02-19
249,12,194,2024-08-27
249,15,170,2024-02-02
249,5,35,2024-04-05
249,8,118,2023-11-11
249,17,184,2023-06-29
250,5,159,2024-05-09
251,3,92,2023-01-11
251,8,36,2023-06-23
252,22,172,2023-02-05
253,8,177,2023-08-20
254,2,17,2024-01-04
254,4,131,2023-11-11
255,7,183,2024-12-01
255,12,21,2023-01-08
255,25,55,2024-11-22
256,13,144,2024-11-27
256,19,83,2024-01-30
256,9,192,2024-08-06
257,6,64,2023-08-07
258,24,56,2023-11-09
258,5,68,2024-03-07
259,2,133,2023-12-02
259,18,73,2023-12-29
260,25,194,2023-07-23
260,11,157,2023-01-27
260,23,87,2023-06-18
260,16,63,2024-10-10
260,2,159,2023-03-02
261,8,132,2024-03-14
262,17,100,2024-06-19
263,15,53,2024-02-06
263,17,41,2023-05-28
263,7,67,2024-12-08
263,16,38,2024-08-15
263,20,118,2024-04-02
264,6,142,2024-02-08
264,5,11,2023-08-26
264,13,168,2023-01-06
264,21,162,2023-01-03
264,2,63,2023-08-04
265,3,69,2024-05-23
265,12,29,2023-11-09
265,4,124,2024-01-16
265,20,149,2023-07-18
266,9,149,2024-07-17
266,23,153,2023-06-03
266,20,73,2024-03-07
267,1,176,2023-06-08
267,7,122,2024-12-20
267,15,199,2024-05-19
267,21,69,2024-11-20
267,9,149,2024-05-08
268,4,67,2024-09-21
269,15,181,2024-03-09
269,2,74,2023-10-10
270,9,90,2024-11-28
270,13,88,2024-05-26
270,6,17,2023-10-11
270,10,122,2023-01-27
270,12,134,2023-03-10
271,1,92,2023-11-05
272,12,176,2023-02-19
272,11,139,2023-02-09
273,5,35,2023-07-09
273,7,180,2023-02-26
273,9,41,2024-08-12
273,18,140,2023-11-10
273,24,17,2023-05-01
274,6,142,2023-08-29
274,19,92,2024-01-02
274,21,24,2023-11-18
274,24,44,2024-02-17
274,8,196,2023-01-03
275,9,52,2024-06-23
275,16,97,2023-07-12
275,19,141,2023-11-21
275,18,134,2024-02-22
275,25,198,2023-05-15
276,8,105,2023-12-12
276,15,119,2024-04-12
276,3,85,2024-12-04
277,11,70,2024-08-10
278,24,124,2024-08-26
278,2,14,2024-09-07
279,14,175,2024-09-03
279,22,179,2024-05-16
279,16,188,2023-08-01
279,2,112,2024-03-20
280,25,33,2023-07-14
280,8,35,2023-07-10
281,3,95,2024-04-03
281,23,96,2023-07-08
281,14,200,2023-02-03
281,4,66,2023-05-11
281,19,16,2024-09-24
282,8,58,2023-03-18
282,16,75,2023-09-22
282,7,185,2024-09-13
282,24,24,2023-06-29
282,4,68,2024-09-27
283,16,12,2024-01-23
283,20,65,2023-02-20
283,3,134,2023-10-27
283,15,156,2023-01-30
284,1,34,2023-08-04
284,14,147,2024-10-21
285,5,142,2024-03-12
285,2,43,2023-07-18
285,1,21,2023-12-06
285,10,132,2024-11-19
285,12,46,2023-01-29
286,13,56,2024-08-11
287,15,42,2023-04-10
287,23,86,2024-03-02
287,10,120,2023-08-27
288,9,92,2023-11-09
288,16,25,2023-06-16
288,8,118,2024-02-27
288,5,94,2024-06-29
288,12,44,2024-01-08
289,22,66,2024-09-15
289,20,108,2024-09-11
289,1,122,2023-12-23
289,11,169,2023-01-20
289,23,172,2024-08-11
290,5,16,2024-04-19
291,6,98,2024-05-12
291,24,132,2024-07-02
291,2,150,2023-11-13
291,20,179,2023-11-28
292,1,35,2024-08-23
292,8,155,2023-08-15
292,11,164,2024-06-26
292,23,116,2024-04-06
292,18,148,2024-05-15
293,9,93,2024-11-20
293,11,190,2023-11-11
293,14,124,2024-06-08
294,25,85,2024-01-05
294,3,57,2023-11-20
294,24,18,2024-12-04
294,15,90,2023-10-02
294,9,76,2023-09-24
295,21,102,2023-12-18
296,12,186,2024-07-08
297,14,12,2024-11-21
297,16,154,2024-03-13
297,9,54,2024-06-18
298,4,196,2023-09-21
299,21,198,2023-11-18
299,16,162,2024-02-21
299,11,183,2023-12-08
299,20,72,2023-08-31
300,1,28,2023-05-28
301,9,30,2023-01-30
301,21,87,2023-04-12
302,12,198,2023-07-27
303,2,156,2023-01-04
303,13,28,2023-09-30
303,21,75,2024-01-21
303,16,79,2023-05-01
303,1,120,2024-01-08
304,10,11,2024-04-24
304,17,22,2024-09-05
304,9,13,2024-12-10
305,10,19,2024-08-12
306,10,192,2024-07-15
307,9,108,2023-07-01
307,12,145,2024-07-13
307,20,64,2023-06-11
307,15,85,2024-04-02
308,15,82,2023-01-02
308,12,151,2024-10-09
308,6,158,2023-08-25
308,14,164,2024-01-17
308,1,46,2023-03-11
309,13,90,2023-12-06
309,14,123,2024-02-03
309,5,118,2023-09-05
310,3,59,2024-10-28
311,2,199,2023-01-12
311,23,30,2024-08-26
311,16,32,2024-04-22
311,20,139,2024-12-13
311,11,38,2024-11-04
312,22,108,2024-10-20
312,4,100,2024-04-30
313,22,25,2024-06-10
313,12,152,2023-07-02
314,12,154,2024-04-28
315,20,71,2023-01-26
315,1,37,2024-06-09
315,10,96,2024-09-08
316,15,28,2024-04-01
317,9,185,2023-05-22
317,3,80,2024-12-01
317,21,133,2023-02-21
317,14,133,2023-10-18
318,7,20,2023-10-11
318,25,186,2023-09-06
318,4,68,2023-08-23
318,21,50,2023-06-14
319,4,127,2024-03-07
319,19,112,2023-01-09
320,2,106,2024-06-04
320,6,35,2024-09-01
320,12,115,2023-11-03
320,10,140,2024-11-07
321,10,161,2023-09-02
321,9,117,2023-06-13
321,13,82,2023-03-31
322,25,165,2024-03-20
322,21,56,2023-01-06
322,17,74,2024-08-02
323,3,68,2024-12-21
323,22,57,2024-10-05
323,18,140,2023-11-13
324,3,71,2024-05-27
325,21,184,2023-05-31
325,5,184,2023-12-09
325,9,81,2023-11-12
325,24,136,2024-09-16
326,23,193,2023-08-16
326,6,93,2024-06-22
326,25,157,2023-10-20
326,19,33,2024-06-29
326,15,193,2024-02-01
327,10,88,2023-08-16
327,17,15,2023-06-28
327,19,11,2024-11-04
328,22,149,2023-09-12
328,10,75,2023-09-16
328,13,113,2023-07-24
328,11,70,2024-09-01
328,25,158,2023-10-26
329,21,84,2023-07-28
329,24,153,2023-11-21
330,16,72,2023-10-17
330,18,132,2023-07-02
330,1,111,2024-09-23
330,21,180,2024-04-17
330,25,173,2024-04-02
331,14,62,2023-10-20
331,9,125,2024-02-29
331,19,145,2024-02-04
331,16,21,2024-08-11
332,8,99,2024-02-06
332,9,38,2023-08-13
332,5,154,2023-08-13
333,18,126,2023-05-30
334,14,42,2023-06-23
335,19,112,2024-02-13
335,15,24,2023-07-22
335,10,187,2023-03-23
335,14,166,2024-09-14
335,23,30,2023-04-04
336,4,107,2024-11-04
336,20,74,2024-04-20
336,7,42,2024-11-03
336,12,97,2023-05-03
336,6,157,2024-11-13
337,7,137,2024-04-11
337,4,13,2023-08-17
337,15,145,2024-12-30
337,14,100,2024-06-17
337,19,117,2023-03-07
338,11,170,2023-08-02
338,19,105,2023-09-14
338,4,177,2024-04-16
338,1,121,2024-12-15
339,24,176,2024-01-05
339,19,181,2023-09-24
340,16,81,2023-10-28
340,2,124,2023-04-12
340,22,132,2023-02-14
340,10,133,2024-05-12
341,9,18,2023-11-22
342,15,103,2023-12-13
342,2,14,2023-12-10
342,5,188,2024-05-17
343,12,104,2023-03-26
344,9,19,2023-08-10
344,20,173,2023-07-03
344,10,168,2024-01-13
345,18,109,2024-01-11
345,11,171,2024-01-13
345,15,65,2024-09-16
345,5,135,2024-07-31
345,12,76,2024-07-12
346,24,101,2023-07-30
346,18,96,2024-01-08
346,9,197,2023-12-30
347,23,131,2024-04-02
347,22,109,2024-01-02
347,21,182,2023-09-13
348,7,79,2024-03-28
348,8,57,2024-09-20
348,11,10,2023-01-24
348,23,191,2023-09-17
349,1,65,2024-06-04
349,19,12,2024-12-17
349,11,185,2024-02-22
350,6,145,2024-12-01
350,16,170,2023-06-07
350,24,190,2023-10-20
350,5,188,2023-11-10
351,16,156,2023-04-05
351,13,93,2024-06-08
352,18,79,2023-10-28
352,16,50,2023-07-29
352,2,198,2024-10-15
352,23,175,2024-04-12
352,19,119,2024-02-08
353,1,148,2024-02-07
353,8,17,2023-06-30
353,14,172,2023-08-19
353,20,57,2024-02-23
354,14,148,2023-09-09
354,22,54,2024-08-02
354,10,174,2024-04-18
354,9,163,2024-06-17
355,7,21,2024-09-05
355,23,24,2023-07-22
355,12,133,2023-08-05
356,13,132,2023-12-22
356,4,136,2023-12-18
356,14,129,2023-10-09
356,12,184,2023-07-31
356,8,144,2024-07-18
357,5,37,2024-01-09
357,9,117,2023-02-19
357,16,83,2024-04-12
358,3,184,2023-07-16
358,19,119,2024-10-04
358,4,158,2024-03-02
358,13,95,2023-08-04
358,7,15,2023-12-21
359,6,19,2023-03-12
359,11,35,2024-04-19
359,20,109,2024-12-24
359,12,165,2023-10-24
360,12,119,2023-07-05
361,16,63,2024-02-29
361,17,23,2024-03-10
361,2,132,2023-06-27
361,20,181,2023-11-18
361,5,21,2024-06-09
362,17,26,2024-03-10
363,7,88,2024-02-20
363,25,198,2024-01-09
364,1,86,2023-01-01
364,5,69,2023-10-06
364,7,55,2023-03-24
364,25,120,2024-03-23
364,16,156,2024-10-12
365,25,169,2023-09-08
365,9,82,2023-12-17
366,18,10,2024-06-21
367,23,107,2024-08-23
368,21,54,2024-09-24
368,12,156,2023-03-13
368,20,86,2024-08-27
368,4,117,2023-02-22
368,23,77,2023-05-21
369,8,27,2023-11-12
370,18,49,2024-07-24
371,15,101,2023-02-24
371,20,161,2024-12-01
371,4,99,2024-09-09
371,9,34,2024-08-17
371,14,31,2023-06-11
372,1,69,2023-07-07
372,7,154,2024-12-29
373,12,164,2023-04-21
374,14,74,2023-04-11
374,22,49,2024-06-15
374,21,65,2023-08-24
374,19,156,2024-04-18
375,7,63,2023-11-09
375,18,194,2023-10-12
375,22,133,2024-03-16
376,22,50,2023-12-18
376,24,145,2024-08-27
376,10,138,2023-06-24
377,13,194,2023-08-19
377,8,132,2024-09-15
377,16,71,2024-09-26
378,21,93,2024-03-13
378,18,23,2023-08-12
378,25,198,2023-04-13
379,1,55,2024-05-22
379,24,124,2023-10-23
380,5,157,2023-02-07
380,22,62,2024-10-20
380,3,29,2024-06-28
380,15,112,2024-11-02
381,12,94,2024-11-27
381,2,100,2024-12-13
382,6,123,2024-02-18
382,14,168,2024-12-13
383,5,189,2024-09-05
383,9,140,2024-10-01
383,21,72,2023-10-04
383,10,186,2024-10-28
383,22,129,2023-09-07
384,13,193,2023-08-13
384,18,128,2023-11-07
385,19,180,2024-04-25
385,8,144,2024-04-09
385,24,155,2023-01-30
385,17,78,2024-04-11
386,3,52,2024-11-11
386,6,139,2023-05-27
386,17,134,2024-09-02
386,14,132,2023-04-14
386,15,75,2023-01-12
387,18,23,2024-11-24
387,13,85,2024-12-21
387,20,14,2024-05-09
387,3,123,2023-09-12
388,23,168,2024-06-23
388,6,107,2023-12-25
388,20,90,2024-02-06
388,13,56,2024-10-18
389,4,134,2024-05-21
389,24,66,2024-01-09
389,11,29,2024-09-24
390,2,29,2024-09-16
390,5,190,2023-06-25
390,1,12,2024-10-05
390,10,127,2023-12-05
390,9,36,2024-12-03
391,3,73,2023-01-16
391,5,186,2024-03-04
391,20,73,2023-07-19
391,25,126,2023-12-14
391,9,24,2023-10-21
392,14,122,2023-11-18
392,12,145,2024-11-17
393,10,168,2023-02-11
394,8,30,2023-08-07
394,12,159,2023-01-11
394,11,63,2023-03-02
394,1,104,2023-02-18
395,3,30,2024-11-20
395,22,17,2024-06-03
396,24,92,2024-05-10
397,10,33,2023-10-14
397,12,66,2023-06-14
397,13,132,2024-05-07
397,15,24,2023-10-14
397,8,187,2023-08-07
398,24,188,2024-08-03
399,22,187,2023-04-10
400,9,125,2023-06-21
400,19,102,2024-07-26
400,7,116,2023-12-20
400,3,17,2023-12-05
401,8,190,2023-08-24
401,1,189,2023-03-01
401,6,123,2024-07-01
401,4,64,2024-11-24
402,7,172,2024-06-11
402,8,178,2024-10-04
402,20,21,2023-06-14
402,16,31,2024-11-11
403,4,179,2024-10-03
404,19,50,2023-09-24
404,6,29,2023-04-08
404,14,151,2024-09-18
405,6,10,2024-01-21
405,24,116,2024-10-11
405,22,29,2024-08-30
405,9,63,2024-07-06
405,1,144,2024-09-09
406,11,119,2024-10-19
406,9,113,2023-07-10
406,23,23,2024-08-24
406,19,53,2023-12-26
407,3,97,2024-04-25
407,9,148,2024-01-26
407,8,194,2023-01-15
408,9,130,2024-06-26
409,3,152,2024-06-04
410,2,87,2023-02-10
411,2,72,2024-06-05
411,3,27,2024-08-20
411,11,191,2023-11-21
412,19,93,2023-03-02
413,21,113,2023-02-16
413,14,163,2024-04-24
413,2,58,2024-05-29
413,5,189,2023-03-26
413,16,80,2024-04-29
414,16,93,2024-08-22
414,20,75,2023-06-19
414,14,138,2023-05-01
414,2,95,2023-07-05
415,5,12,2023-06-30
415,11,79,2023-09-03
415,16,53,2023-10-22
415,12,55,2023-06-27
416,13,24,2023-07-30
416,9,109,2024-02-29
416,25,161,2024-06-18
417,22,138,2023-07-17
417,24,116,2023-02-17
417,23,38,2024-08-28
418,11,142,2023-03-25
418,9,50,2024-12-26
418,4,137,2024-01-02
418,24,137,2023-07-08
419,4,86,2024-11-14
420,18,152,2024-06-15
420,4,15,2024-03-27
420,13,29,2024-10-21
420,2,155,2023-07-06
420,12,137,2024-05-07
421,12,152,2023-05-25
421,16,53,2024-11-14
421,2,112,2023-04-21
422,24,21,2024-11-25
422,18,77,2024-06-13
422,13,79,2024-08-20
422,11,197,2024-07-03
423,3,45,2024-12-30
423,10,169,2024-09-28
423,9,76,2024-11-20
424,24,136,2024-04-16
424,13,171,2023-10-16
425,17,147,2024-09-10
426,23,98,2024-07-23
427,3,94,2024-02-29
428,8,122,2024-10-10
429,22,74,2024-04-06
429,14,168,2024-04-12
429,25,123,2023-06-11
429,6,21,2023-01-23
429,17,85,2023-03-03
430,9,115,2024-08-14
430,3,195,2024-02-29
431,22,11,2024-02-17
431,17,123,2024-09-01
431,4,107,2024-06-11
431,10,178,2024-01-10
431,5,147,2024-07-17
432,15,177,2024-04-14
433,2,119,2024-02-07
434,3,157,2023-01-10
434,9,130,2024-03-11
434,8,49,2024-09-23
434,14,181,2024-05-05
434,12,67,2023-11-10
435,24,198,2024-10-08
435,21,36,2024-08-08
435,15,184,2023-09-23
435,13,22,2023-05-03
435,14,90,2024-06-11
436,4,92,2024-05-12
436,15,19,2023-01-03
436,3,17,2024-12-09
437,14,127,2023-12-14
437,1,99,2024-12-30
437,3,38,2023-10-05
437,23,191,2024-09-30
438,1,55,2023-02-11
438,15,139,2024-05-31
438,16,82,2023-01-27
438,18,104,2023-09-23
438,9,102,2023-02-05
439,14,119,2023-11-07
439,4,133,2024-11-19
439,17,133,2023-08-12
439,21,21,2024-03-27
440,14,33,2024-05-06
440,16,164,2024-10-03
440,5,195,2024-12-15
440,23,50,2024-01-08
441,18,69,2023-05-28
441,25,86,2023-02-02
442,4,161,2023-08-20
442,9,48,2024-10-02
442,7,38,2023-01-11
442,1,102,2023-07-02
442,21,50,2024-03-21
443,6,134,2023-03-04
443,24,146,2023-04-04
443,12,66,2023-05-21
443,20,60,2024-08-11
444,15,144,2024-08-11
444,9,183,2024-01-15
444,23,157,2024-04-19
444,2,36,2024-07-24
445,22,21,2024-04-25
445,25,98,2024-12-21
446,19,170,2024-11-24
446,9,110,2023-03-06
446,10,161,2023-11-19
446,23,198,2023-08-02
446,15,146,2023-02-21
447,1,52,2024-01-15
447,3,97,2023-09-27
447,6,113,2023-12-11
447,22,43,2023-11-23
447,25,25,2023-04-15
448,7,153,2024-02-27
448,14,148,2023-03-24
448,4,19,2023-01-09
448,24,48,2023-02-28
448,1,101,2023-03-04
449,22,176,2023-05-19
449,2,53,2023-09-14
449,3,193,2024-03-17
449,13,22,2023-02-16
450,23,67,2023-08-18
450,8,105,2024-09-19
450,15,96,2024-11-11
450,2,168,2024-07-06
451,20,41,2023-06-13
451,4,110,2024-03-03
451,11,122,2023-01-19
452,25,115,2023-04-26
452,3,48,2023-03-16
452,14,156,2024-01-17
452,23,113,2023-06-14
453,18,59,2024-10-23
453,13,108,2023-10-24
453,24,23,2023-08-07
454,25,72,2023-03-31
454,12,106,2023-10-23
455,16,47,2024-09-06
455,7,55,2023-02-17
455,5,93,2023-12-19
455,2,80,2024-01-17
455,20,102,2024-02-15
456,18,15,2023-02-26
457,20,153,2023-04-05
457,9,128,2023-01-31
457,1,62,2023-12-23
457,15,176,2024-09-18
458,16,83,2024-01-27
458,4,40,2024-01-01
458,18,24,2024-07-18
458,7,23,2024-05-23
458,21,173,2023-12-21
459,14,109,2024-07-24
460,18,83,2024-08-19
460,10,71,2023-07-30
460,17,192,2024-05-10
461,8,25,2024-07-28
461,1,67,2024-02-23
461,25,189,2023-12-20
461,9,90,2023-12-16
461,14,176,2024-11-19
462,1,188,2024-09-17
462,23,170,2023-11-06
462,18,137,2024-11-07
462,20,19,2024-05-06
463,9,130,2024-08-19
463,19,105,2024-12-24
463,22,169,2024-10-09
463,8,11,2024-09-27
464,10,23,2024-07-30
464,15,172,2024-02-16
464,20,90,2024-02-24
465,8,42,2023-09-02
465,2,135,2023-06-18
465,9,177,2024-02-22
465,16,145,2023-08-13
465,1,157,2024-10-13
466,6,126,2023-05-31
467,9,11,2024-11-12
467,12,185,2023-01-20
467,4,22,2024-04-20
467,7,92,2023-01-21
468,4,169,2024-10-21
469,11,140,2023-01-02
469,16,10,2023-04-30
469,10,148,2024-08-20
469,7,82,2023-09-29
469,18,56,2023-07-23
470,10,140,2023-09-27
470,1,52,2024-09-23
470,13,138,2024-09-17
470,6,93,2024-09-05
471,15,51,2023-11-26
472,11,13,2024-02-15
472,8,104,2023-09-23
472,6,187,2023-03-22
473,18,28,2024-10-25
473,12,91,2024-09-29
474,2,94,2023-02-10
474,4,50,2024-10-16
474,7,74,2024-01-29
475,3,131,2023-03-11
475,15,182,2024-09-14
475,18,98,2023-10-29
475,17,13,2024-06-16
476,4,187,2024-11-03
476,7,40,2024-02-27
476,20,145,2024-08-30
477,3,101,2024-03-05
477,17,33,2024-02-20
477,1,84,2024-11-14
478,5,15,2023-03-25
479,16,76,2024-08-22
480,9,198,2024-01-26
481,3,158,2023-08-24
481,11,164,2024-06-29
481,14,64,2023-02-16
482,25,131,2023-09-05
482,5,114,2024-12-17
483,5,159,2023-04-09
483,25,77,2023-03-19
483,13,124,2023-12-12
483,18,67,2024-06-29
483,19,140,2024-02-06
484,20,48,2023-01-01
484,7,182,2024-10-23
484,2,104,2023-11-19
484,19,55,2023-06-30
485,20,106,2023-04-10
485,2,23,2023-09-17
486,14,122,2024-12-24
486,7,30,2024-01-11
486,2,48,2024-10-05
487,4,62,2023-03-30
487,7,166,2023-01-10
487,16,86,2024-08-17
488,3,27,2024-12-28
488,5,155,2024-02-19
488,21,66,2024-02-13
488,11,120,2023-08-01
488,18,109,2024-07-27
489,10,187,2023-03-20
489,7,59,2024-01-03
489,14,31,2023-09-29
489,12,178,2023-11-29
489,22,88,2023-05-29
490,23,105,2023-08-15
490,20,117,2023-09-24
490,9,151,2023-09-04
491,12,18,2023-12-12
492,19,189,2024-02-23
492,11,69,2024-07-11
492,4,177,2024-09-22
492,10,37,2024-06-12
492,13,146,2023-03-10
493,20,115,2024-05-01
493,18,68,2023-01-27
493,19,71,2024-07-17
493,16,182,2024-06-02
494,5,60,2024-05-24
495,9,49,2024-07-28
496,8,142,2023-03-19
496,23,144,2024-06-09
497,4,155,2024-11-15
497,22,108,2024-07-07
498,25,47,2024-06-11
499,1,192,2024-09-10
499,20,178,2023-09-30
499,24,49,2024-04-27
500,1,72,2024-07-19
500,9,149,2023-04-20
500,25,121,2023-02-15
500,10,107,2024-01-14
501,17,137,2023-04-28
501,10,176,2024-07-11
501,15,49,2023-02-28
501,2,109,2023-10-08
502,24,51,2024-06-17
503,11,165,2023-06-28
503,16,117,2023-03-13
503,24,119,2023-04-08
503,17,61,2023-12-04
504,17,134,2024-03-01
504,1,59,2023-09-07
504,12,145,2023-11-05
504,7,24,2024-05-28
505,25,154,2023-01-21
505,17,127,2023-09-30
505,5,17,2024-05-11
505,7,33,2023-07-24
505,2,165,2023-08-01
506,18,22,2023-11-13
506,6,171,2023-09-07
506,10,185,2024-02-14
506,15,129,2024-06-21
506,16,102,2023-12-11
507,17,187,2023-08-09
508,5,139,2023-04-23
508,4,179,2024-12-01
508,1,170,2023-03-15
508,19,177,2023-12-27
509,7,185,2023-04-23
509,13,54,2024-09-13
509,15,139,2024-08-01
509,17,176,2023-07-07
510,14,149,2024-04-24
511,13,144,2023-08-11
511,1,26,2023-08-23
511,25,50,2024-04-13
511,17,134,2023-04-19
511,22,160,2024-02-15
512,10,196,2024-07-20
513,12,149,2024-02-10
513,6,182,2023-01-19
514,13,15,2024-03-29
514,11,118,2023-03-22
514,17,149,2024-06-05
515,22,125,2024-03-11
516,5,180,2024-03-08
516,6,166,2023-09-28
516,21,166,2024-02-13
516,10,126,2023-10-21
516,4,164,2023-12-07
517,1,152,2024-12-04
517,7,25,2023-06-23
517,4,145,2024-10-31
517,2,64,2023-09-20
518,18,168,2023-04-12
518,24,149,2023-11-02
518,1,98,2023-06-23
519,9,151,2023-01-06
519,17,156,2024-09-11
519,15,21,2024-04-28
520,18,75,2024-11-04
520,8,116,2023-07-22
520,7,91,2023-11-27
521,13,44,2024-07-09
521,23,109,2024-10-22
521,15,25,2023-08-24
521,24,56,2024-10-18
521,21,35,2024-02-05
522,3,139,2024-08-15
522,22,186,2023-11-17
523,14,190,2023-02-21
524,24,91,2023-10-15
524,14,173,2023-12-25
524,10,165,2023-07-12
524,2,157,2024-06-18
525,21,173,2024-05-03
525,22,16,2023-09-12
525,10,145,2024-05-13
525,8,137,2023-01-23
526,1,54,2023-01-06
526,23,174,2023-10-03
526,7,95,2023-07-21
526,15,190,2024-07-04
526,17,71,2024-01-12
527,4,144,2023-11-22
527,5,145,2024-02-20
527,14,137,2024-02-07
527,24,15,2023-03-31
528,3,148,2024-02-28
528,11,172,2023-04-03
528,16,35,2023-12-21
529,21,122,2023-02-06
529,24,61,2024-02-21
530,10,52,2023-06-02
531,16,181,2024-04-16
532,13,133,2024-02-24
532,5,162,2024-05-09
532,9,164,2024-12-15
533,24,60,2023-10-09
533,9,38,2023-08-11
533,8,137,2023-10-28
534,6,100,2024-05-30
534,15,176,2024-11-14
534,8,167,2024-09-18
534,24,132,2023-08-29
534,2,114,2024-01-14
535,5,13,2024-06-27
535,2,122,2023-08-30
535,17,143,2023-03-24
535,10,80,2023-03-18
536,9,95,2024-05-15
536,1,123,2023-01-26
536,25,124,2023-08-16
536,4,85,2024-11-02
537,13,167,2024-03-17
537,5,188,2024-05-03
537,4,134,2024-10-05
537,20,140,2024-09-17
538,14,42,2024-02-08
538,11,90,2023-08-07
538,21,97,2024-06-07
539,5,153,2023-04-15
539,9,118,2024-01-04
539,11,112,2023-04-16
540,6,128,2024-01-16
540,20,51,2024-12-11
540,19,44,2023-10-27
540,2,193,2023-06-01
541,16,120,2024-10-09
541,20,180,2024-06-13
541,9,16,2023-08-07
541,2,35,2024-01-14
542,25,68,2023-01-11
542,9,142,2024-05-25
542,4,51,2023-01-23
543,23,181,2023-05-10
543,8,147,2024-10-31
543,18,144,2023-07-23
543,14,65,2024-04-14
544,20,61,2023-09-11
544,5,147,2023-01-26
545,17,74,2024-06-23
545,13,118,2023-12-27
545,5,176,2023-07-15
545,12,138,2023-04-09
545,21,199,2024-05-12
546,6,25,2024-03-07
546,19,68,2023-04-11
546,14,102,2024-12-22
546,3,112,2023-07-04
547,16,151,2023-09-06
547,9,23,2023-05-19
547,21,153,2023-02-03
548,7,30,2024-03-06
548,16,190,2023-10-11
548,21,88,2024-06-03
549,6,170,2024-11-01
549,14,103,2023-01-06
549,5,11,2023-01-01
549,16,175,2023-09-16
549,8,112,2023-12-21
550,2,196,2024-02-29
551,5,119,2024-11-03
552,10,159,2024-05-04
552,13,121,2024-09-02
552,21,29,2023-02-09
552,2,82,2023-01-08
553,2,37,2023-02-24
553,19,120,2024-10-28
553,3,110,2024-11-29
553,1,101,2024-03-19
553,20,180,2024-12-30
554,11,23,2023-06-09
554,10,34,2023-10-21
554,24,131,2023-05-10
554,8,142,2023-10-12
554,2,78,2023-02-23
555,5,196,2024-10-23
555,21,86,2024-03-25
555,24,176,2023-12-12
555,16,186,2024-10-13
556,1,90,2023-12-19
556,21,56,2024-04-26
557,11,182,2024-10-08
557,22,150,2024-10-21
558,17,137,2024-05-29
558,15,60,2023-06-18
558,22,50,2024-02-22
558,7,37,2023-08-26
558,2,115,2024-06-30
559,12,37,2023-06-05
559,25,21,2024-05-15
559,13,124,2024-04-23
559,19,25,2023-09-30
560,22,136,2023-02-11
560,13,33,2024-08-22
560,25,64,2023-07-06
560,3,181,2023-10-10
560,4,74,2023-12-20
561,21,47,2024-11-24
562,2,79,2023-07-23
562,1,55,2024-05-23
562,14,47,2024-05-18
563,14,157,2024-11-20
563,9,175,2023-03-05
563,8,88,2023-09-29
563,10,181,2024-12-08
564,11,185,2023-10-12
564,5,101,2023-01-15
564,14,25,2024-03-31
564,22,91,2023-03-09
565,10,135,2024-07-12
565,16,182,2024-09-05
566,3,50,2023-02-20
566,14,140,2023-12-30
566,1,105,2024-05-02
567,12,137,2024-05-21
567,7,97,2023-05-26
567,23,101,2024-04-07
567,18,163,2023-08-02
567,24,173,2024-10-22
568,16,25,2024-12-17
568,11,76,2024-09-20
568,19,195,2024-03-12
568,24,27,2024-01-03
568,6,182,2024-02-03
569,11,198,2023-09-19
569,6,52,2024-02-21
569,17,68,2023-07-30
570,4,112,2023-02-03
571,24,178,2024-03-23
571,8,73,2023-11-23
571,1,170,2024-03-05
572,20,127,2023-09-27
572,16,190,2024-11-18
573,10,83,2024-05-25
573,21,68,2023-01-17
573,25,68,2024-03-08
574,19,89,2023-10-04
574,23,98,2024-09-15
575,17,174,2023-03-04
575,14,197,2023-08-10
575,16,82,2024-08-15
575,23,191,2023-12-13
576,10,130,2024-06-16
577,5,110,2024-05-25
577,9,194,2023-09-14
577,21,80,2024-09-28
577,25,168,2024-11-09
578,5,179,2024-01-24
578,24,85,2024-06-29
578,17,36,2023-11-26
578,7,154,2023-01-02
579,14,125,2023-09-21
580,1,18,2023-04-10
581,19,167,2023-10-23
581,15,140,2023-08-01
581,18,52,2023-08-16
581,10,158,2024-09-01
581,6,155,2024-06-10
582,3,172,2023-01-04
582,13,76,2024-12-08
583,4,138,2023-04-01
583,5,42,2023-11-02
584,12,22,2024-12-03
584,17,56,2023-08-28
584,20,82,2024-08-29
584,16,142,2023-02-09
585,3,130,2024-09-20
585,1,154,2024-06-19
585,11,156,2024-11-28
585,21,155,2024-10-12
585,12,32,2024-02-18
586,25,76,2024-01-12
586,17,68,2023-12-22
586,24,77,2023-07-08
587,13,176,2024-06-16
587,12,47,2023-09-16
587,4,67,2023-04-13
588,7,193,2024-04-24
588,9,129,2024-10-28
588,2,187,2023-01-29
589,17,15,2023-07-14
590,21,71,2024-05-12
590,7,161,2023-08-27
590,3,94,2024-01-28
590,24,166,2024-09-28
591,8,148,2024-11-21
591,11,177,2023-02-05
591,15,78,2023-05-02
592,20,130,2023-01-12
592,1,63,2024-08-29
592,24,186,2024-11-11
593,5,143,2023-12-21
594,3,35,2023-06-16
594,21,28,2024-03-07
595,13,173,2024-12-23
595,10,48,2023-10-21
596,22,140,2023-12-16
597,11,75,2024-07-19
598,25,139,2023-09-27
598,16,159,2023-09-15
598,18,65,2024-03-08
599,21,24,2023-10-26
599,15,104,2023-01-20
599,2,17,2024-08-15
599,16,123,2023-07-27
600,20,104,2024-02-12
601,21,112,2024-05-25
602,13,65,2023-08-29
602,22,57,2023-03-28
603,13,178,2023-02-04
603,6,61,2023-02-11
603,9,43,2023-09-24
603,23,119,2023-07-22
604,15,136,2024-05-12
604,5,165,2023-09-22
604,1,144,2023-07-05
605,9,199,2023-12-12
606,2,200,2023-04-16
606,16,174,2024-05-08
606,17,71,2023-08-12
606,20,122,2023-01-05
607,17,189,2024-09-27
607,16,176,2024-06-19
607,22,58,2023-10-16
607,11,168,2023-09-13
607,6,160,2023-06-14
608,14,142,2024-01-10
608,7,86,2023-11-28
608,13,102,2024-05-18
608,19,80,2024-10-24
608,4,78,2024-02-10
609,22,160,2024-04-03
610,22,193,2024-05-18
610,8,155,2023-06-03
610,17,49,2024-10-26
610,12,144,2024-05-23
610,15,52,2023-09-10
611,5,35,2023-05-08
611,24,117,2024-03-22
611,20,100,2024-05-31
611,1,36,2023-07-11
612,20,90,2023-08-13
612,24,52,2024-04-23
612,19,133,2024-10-19
613,15,136,2024-07-12
613,18,35,2023-03-04
613,24,102,2024-10-30
614,24,62,2024-07-08
614,8,28,2023-12-09
614,7,175,2023-08-17
615,19,180,2023-10-22
615,25,64,2024-10-06
615,8,174,2024-02-28
615,3,86,2024-11-03
616,11,118,2024-04-13
616,13,34,2023-12-07
616,3,128,2023-07-20
616,20,107,2024-06-15
617,21,38,2024-03-21
617,2,15,2024-01-01
617,5,15,2024-04-14
618,6,137,2024-05-08
619,14,154,2024-08-25
619,10,101,2023-10-31
619,22,143,2024-07-09
619,20,181,2023-03-05
619,25,128,2024-05-05
620,25,11,2024-06-28
621,4,93,2024-09-17
621,21,68,2023-10-25
621,5,141,2024-07-18
622,21,117,2024-02-11
623,4,189,2024-02-24
623,20,10,2023-05-27
624,7,163,2024-09-05
624,16,63,2024-05-07
624,13,53,2023-05-07
625,15,191,2024-12-04
625,21,137,2024-10-12
625,19,83,2024-05-12
625,22,182,2024-10-29
625,6,108,2023-05-31
626,6,141,2023-04-15
626,13,183,2023-01-16
627,16,99,2023-09-05
627,11,51,2023-08-21
627,7,181,2023-04-19
627,3,76,2024-12-20
627,24,62,2024-04-27
628,16,93,2024-02-22
628,5,124,2023-11-25
628,22,164,2023-10-18
628,1,59,2024-05-12
628,15,197,2023-11-19
629,10,176,2023-06-26
630,9,78,2024-01-21
630,21,39,2023-12-17
630,20,161,2023-03-26
631,13,176,2023-09-28
631,22,108,2023-03-26
631,9,55,2024-07-26
631,11,172,2024-08-17
631,19,77,2023-09-12
632,18,11,2023-06-06
632,9,157,2024-09-21
633,25,124,2024-06-22
633,16,180,2024-08-04
634,12,125,2023-08-13
635,22,115,2023-09-05
635,21,145,2023-03-02
636,1,25,2024-08-17
636,21,92,2023-05-20
636,15,182,2023-07-29
637,18,49,2023-09-16
638,3,17,2024-12-08
638,21,59,2024-04-08
638,4,32,2024-02-04
639,14,100,2023-06-06
639,15,158,2024-01-21
639,5,36,2023-04-30
639,1,80,2023-03-19
639,16,81,2023-07-19
640,14,114,2023-04-11
640,3,113,2023-02-04
640,20,196,2023-01-03
641,22,194,2023-10-29
641,13,95,2024-10-07
641,1,23,2023-08-01
641,3,193,2023-06-11
642,8,30,2024-06-11
642,9,10,2023-01-02
642,1,57,2024-05-19
643,21,106,2023-06-11
643,12,187,2024-07-16
643,11,87,2023-11-06
643,15,128,2023-02-27
644,14,111,2024-05-10
644,21,102,2024-04-05
644,25,200,2023-01-30
645,7,174,2023-09-14
645,24,132,2023-03-15
645,5,132,2024-07-14
645,19,87,2023-07-28
646,25,25,2023-09-30
647,1,93,2024-01-04
647,14,167,2024-05-19
647,17,15,2024-06-03
648,8,166,2024-12-17
648,2,86,2023-02-03
649,25,89,2024-07-21
649,23,189,2024-02-21
649,6,134,2023-05-12
649,4,172,2023-02-09
650,14,35,2024-09-30
651,11,92,2023-09-17
651,8,62,2024-05-23
651,15,85,2023-04-30
651,1,52,2023-07-19
652,20,27,2024-11-23
652,1,172,2024-12-21
652,16,116,2024-09-15
652,23,48,2023-02-05
652,17,158,2024-11-26
653,2,176,2023-04-01
653,19,106,2024-04-20
654,12,24,2023-01-04
655,4,41,2023-10-11
655,2,111,2024-01-03
655,14,164,2024-10-18
655,13,23,2023-06-02
656,14,24,2023-02-10
656,15,94,2023-01-28
657,2,156,2023-11-22
657,9,173,2023-06-20
657,4,184,2023-10-12
657,15,130,2023-11-09
657,22,123,2024-01-31
658,14,157,2024-04-03
658,22,82,2024-02-13
658,7,115,2024-03-08
658,4,123,2024-11-16
658,20,18,2024-04-20
659,20,128,2023-08-19
659,13,79,2024-03-26
659,22,167,2023-02-04
659,2,117,2024-07-10
659,18,27,2024-01-15
660,5,140,2024-10-03
660,20,66,2024-12-05
661,17,181,2023-12-24
662,18,130,2023-11-12
662,17,125,2023-01-01
662,10,154,2023-01-08
662,23,148,2023-07-15
663,17,126,2024-11-17
663,5,99,2023-01-21
663,9,169,2023-12-20
663,25,113,2023-01-13
663,7,145,2023-11-17
664,18,124,2023-09-27
664,22,74,2024-02-05
664,14,138,2024-05-16
664,6,57,2023-09-08
665,1,19,2024-11-04
665,25,155,2024-11-03
666,3,95,2023-05-08
666,11,161,2023-05-12
666,9,100,2023-05-22
666,16,14,2023-07-15
667,7,65,2023-01-15
668,15,32,2023-11-07
668,5,26,2024-06-20
668,24,93,2024-03-21
668,22,107,2024-11-04
669,25,80,2024-10-04
669,24,14,2024-10-24
669,17,147,2024-10-12
669,3,50,2024-07-27
670,6,174,2023-10-24
670,10,40,2023-09-21
670,25,174,2024-08-14
670,13,71,2024-10-18
670,20,125,2024-07-12
671,14,93,2024-10-09
672,19,81,2024-10-11
673,22,179,2024-03-01
673,7,37,2023-03-26
674,19,70,2024-09-25
674,14,130,2023-06-18
674,21,147,2024-03-06
675,8,40,2024-06-11
676,3,29,2023-07-29
676,12,191,2024-07-09
676,4,71,2024-05-09
676,17,107,2024-12-23
676,24,158,2023-08-20
677,1,80,2023-04-24
678,20,197,2024-07-27
678,2,88,2023-05-13
678,10,82,2023-07-06
678,14,163,2023-04-26
679,2,184,2024-06-20
679,25,149,2024-08-24
679,12,26,2023-01-12
680,4,67,2023-03-16
680,20,167,2023-04-11
680,25,75,2024-02-13
681,16,154,2024-02-27
681,18,33,2023-07-25
682,20,185,2023-09-16
683,14,162,2024-05-12
683,18,23,2024-03-16
684,20,138,2024-07-08
685,22,143,2023-09-18
685,2,28,2024-08-12
685,21,84,2024-04-14
685,14,88,2023-10-23
686,14,173,2024-05-09
687,24,129,2023-11-16
687,13,185,2024-04-02
687,4,48,2024-11-25
687,16,165,2023-11-13
688,6,130,2024-09-13
688,1,22,2023-08-11
688,14,152,2024-11-29
689,11,199,2023-12-23
690,24,183,2023-06-17
690,12,12,2023-02-23
690,18,75,2023-01-03
690,5,169,2023-01-01
690,9,175,2023-01-31
691,16,189,2023-11-01
691,23,92,2024-11-27
691,22,189,2023-10-20
691,19,133,2023-04-11
692,10,18,2023-05-26
692,1,69,2024-07-14
693,7,31,2023-11-25
694,3,115,2024-10-14
694,24,33,2023-11-24
694,17,124,2024-01-16
695,19,121,2023-11-30
695,18,55,2024-04-01
695,20,48,2023-08-15
696,20,129,2024-09-22
696,10,117,2024-07-03
696,21,77,2024-11-02
697,20,79,2023-06-01
698,12,163,2024-06-20
698,17,156,2023-05-31
698,7,19,2023-02-19
698,6,31,2023-12-02
698,3,12,2024-04-06
699,13,64,2023-05-09
699,8,77,2023-05-05
700,5,131,2023-06-02
700,15,24,2023-06-02
700,25,146,2023-05-18
700,16,93,2023-06-18
700,23,157,2024-04-12
701,22,139,2023-10-26
701,6,54,2024-01-12
701,14,70,2024-08-22
702,22,187,2024-12-15
702,24,81,2024-11-12
702,12,75,2023-08-04
702,9,147,2023-02-27
702,7,56,2023-08-30
703,8,143,2024-12-19
704,4,40,2023-05-25
705,21,113,2023-07-15
705,11,164,2023-10-29
705,16,80,2024-06-08
706,22,104,2024-02-10
707,7,169,2024-03-22
708,25,130,2024-12-03
708,12,102,2023-01-27
708,8,13,2023-11-19
708,6,139,2024-06-23
708,7,65,2023-06-02
709,16,52,2023-08-05
709,8,91,2023-10-01
709,4,48,2024-10-29
709,15,184,2024-03-05
709,11,193,2023-06-10
710,5,70,2024-01-30
710,9,74,2024-09-03
711,4,62,2024-07-22
711,24,155,2023-09-22
712,24,120,2024-08-15
712,16,93,2024-03-25
712,19,121,2023-09-22
713,18,135,2023-10-08
713,1,60,2023-02-15
714,12,13,2023-09-26
714,1,117,2023-04-11
715,23,93,2023-05-22
715,11,194,2023-01-11
715,25,143,2024-01-10
716,10,142,2024-03-10
717,20,20,2024-11-09
717,10,131,2024-03-09
718,6,98,2024-04-13
718,17,143,2024-01-26
718,13,122,2023-11-02
718,12,56,2023-08-10
718,24,157,2024-07-12
719,24,15,2023-05-11
719,15,119,2023-07-28
720,21,139,2024-07-28
720,12,128,2024-05-17
721,13,144,2024-11-06
721,1,25,2023-02-02
722,12,183,2024-03-19
722,18,44,2024-05-31
722,5,117,2023-12-22
723,25,190,2024-08-02
723,7,180,2023-09-16
724,14,127,2024-06-10
725,1,60,2024-09-15
725,3,44,2024-11-24
725,12,172,2024-09-10
726,24,86,2024-08-02
726,1,34,2024-11-23
726,25,83,2023-10-03
726,7,123,2023-05-19
727,11,149,2023-02-25
727,25,140,2023-11-25
727,13,188,2023-12-13
727,23,182,2024-11-27
728,7,70,2024-09-02
728,24,122,2023-02-08
728,16,161,2024-03-17
728,3,160,2023-08-23
729,16,73,2023-01-28
729,1,139,2023-06-05
729,17,57,2024-09-30
729,23,148,2023-05-13
729,11,159,2024-10-16
730,24,177,2024-08-13
730,3,67,2024-07-09
730,6,178,2023-01-19
730,23,166,2023-09-06
730,5,109,2024-10-22
731,15,103,2023-04-19
731,23,59,2024-05-07
731,24,175,2023-08-18
732,25,95,2023-08-20
732,13,39,2024-06-24
732,9,50,2024-01-07
732,10,170,2023-09-26
733,13,49,2024-11-21
733,5,13,2023-05-28
733,6,148,2023-02-03
734,9,114,2023-09-18
734,25,75,2024-02-19
735,5,197,2024-05-20
735,19,108,2024-04-25
735,22,41,2023-07-07
736,17,124,2024-08-03
736,2,29,2023-05-08
737,22,155,2023-05-07
737,13,161,2023-08-03
737,2,176,2023-08-07
737,24,61,2024-03-02
737,14,164,2023-02-17
738,9,178,2023-12-07
738,11,145,2023-08-14
738,3,61,2023-05-07
738,2,142,2024-05-02
738,13,194,2023-01-29
739,20,28,2024-05-26
739,5,107,2023-12-24
740,19,197,2024-07-24
740,17,106,2024-07-22
741,10,187,2024-07-23
742,16,105,2023-03-26
742,17,189,2023-08-17
743,4,117,2024-02-11
743,25,176,2023-10-16
743,2,58,2024-04-15
743,8,172,2023-04-11
744,12,106,2023-03-29
745,11,90,2023-08-27
745,21,170,2023-01-20
745,25,18,2023-07-18
745,14,185,2024-10-04
745,6,158,2024-05-26
746,20,64,2023-12-08
746,10,91,2024-06-26
746,3,53,2024-06-18
746,5,150,2024-07-22
747,18,183,2024-12-13
747,20,150,2023-01-24
747,19,141,2024-03-17
747,22,142,2023-01-13
747,1,108,2023-08-13
748,17,27,2024-11-20
749,1,127,2023-03-08
750,10,162,2023-02-26
751,7,112,2023-12-23
751,23,16,2024-06-05
752,25,140,2024-06-16
752,14,17,2023-02-28
753,21,83,2024-09-13
753,11,76,2023-10-15
753,18,79,2023-06-18
753,22,63,2023-10-11
753,17,134,2024-03-02
754,25,60,2023-01-31
754,4,54,2023-11-19
755,23,153,2024-08-21
755,16,67,2023-12-12
755,14,28,2024-05-17
755,7,193,2023-07-27
756,3,69,2023-07-25
756,22,141,2023-09-26
756,17,86,2023-09-15
756,2,188,2023-01-17
756,10,71,2023-04-04
757,25,161,2024-07-12
758,19,106,2024-12-24
758,16,141,2024-01-04
758,11,193,2024-06-16
758,25,76,2023-02-20
759,4,41,2024-08-27
759,18,152,2024-02-24
760,3,144,2023-03-31
761,9,33,2023-09-18
761,15,192,2023-04-02
761,6,187,2024-12-05
761,20,68,2023-05-16
762,4,50,2024-10-19
763,12,89,2023-07-18
763,20,109,2024-08-06
763,23,11,2024-04-23
763,15,65,2023-07-24
764,5,185,2023-01-28
765,4,28,2023-03-23
765,5,135,2023-09-10
766,4,55,2024-05-05
766,15,190,2024-06-25
766,25,72,2023-05-26
766,1,45,2023-09-28
766,10,136,2023-04-05
767,17,30,2024-01-21
767,18,146,2024-01-23
767,3,91,2023-05-26
768,6,39,2023-01-06
768,1,107,2023-04-23
768,14,98,2024-07-23
768,7,43,2024-02-28
768,9,126,2023-09-07
769,13,151,2023-08-22
769,3,155,2024-03-02
770,1,157,2024-07-12
771,8,14,2024-07-28
771,4,27,2024-06-07
771,2,127,2023-09-04
772,22,67,2024-09-23
772,6,111,2023-11-13
772,25,173,2023-03-19
772,11,53,2024-12-17
772,3,49,2024-08-30
773,18,14,2024-10-09
773,21,29,2024-08-23
774,22,18,2024-08-23
774,15,55,2023-01-20
775,19,177,2023-05-08
776,3,80,2024-07-03
776,20,109,2024-09-06
776,10,167,2024-05-29
776,1,109,2024-02-06
776,25,31,2024-10-28
777,13,129,2024-07-23
777,2,136,2023-09-18
778,16,19,2024-04-28
778,6,171,2024-09-13
779,12,192,2023-07-25
779,2,156,2023-08-20
779,23,151,2024-09-29
780,14,198,2023-04-26
781,23,99,2023-11-28
781,22,68,2024-05-15
782,7,16,2024-01-08
782,12,38,2024-02-18
783,23,93,2024-04-30
783,6,27,2024-10-14
783,14,19,2024-11-25
783,5,89,2024-03-02
784,9,19,2024-11-13
784,13,102,2023-01-30
784,4,180,2023-02-24
784,16,29,2024-03-15
784,8,196,2024-06-26
785,4,178,2023-04-26
785,7,42,2023-05-27
785,8,17,2024-07-25
786,13,48,2024-01-18
786,15,85,2024-01-22
786,7,10,2024-05-30
786,2,132,2023-12-20
786,19,89,2024-01-30
787,21,61,2023-01-09
788,19,117,2023-01-03
788,21,116,2023-07-15
788,22,96,2024-01-26
789,8,22,2024-05-06
789,19,66,2023-03-06
790,8,133,2023-05-29
790,22,81,2023-10-04
790,17,61,2024-03-23
790,12,66,2023-02-12
791,4,189,2024-06-05
791,19,12,2024-09-06
791,11,17,2023-10-27
791,17,151,2024-10-05
791,1,86,2024-05-14
792,13,46,2023-01-13
793,16,192,2023-12-13
793,12,89,2024-04-02
793,2,120,2024-07-23
793,3,142,2024-06-11
794,21,78,2023-10-24
794,4,110,2023-02-15
795,1,75,2024-03-31
795,8,172,2024-08-25
795,19,104,2023-03-09
796,17,195,2024-03-06
796,23,193,2023-01-02
796,22,84,2024-04-30
797,24,25,2024-07-30
797,10,35,2024-05-26
797,21,138,2023-10-31
797,6,37,2023-06-18
798,1,106,2023-01-17
798,5,99,2023-06-27
798,7,36,2023-06-19
798,6,163,2023-02-04
798,4,143,2023-10-31
799,20,134,2024-05-14
799,1,99,2023-11-29
799,13,18,2024-09-07
799,24,126,2023-10-03
799,4,97,2024-02-13
800,24,158,2024-05-18
801,13,131,2023-09-21
801,15,172,2024-06-11
802,1,34,2024-03-01
802,9,110,2023-02-03
802,13,175,2024-05-01
803,22,182,2023-10-08
803,5,173,2024-06-21
804,21,182,2023-10-01
804,10,120,2024-11-23
804,7,98,2024-12-21
804,24,118,2023-08-31
804,20,147,2024-03-30
805,25,46,2024-08-24
805,21,10,2024-10-17
805,16,75,2023-07-22
805,6,152,2023-11-21
805,1,134,2023-11-01
806,1,68,2023-10-16
807,22,134,2024-06-27
807,11,106,2024-04-08
807,8,85,2023-12-08
807,10,32,2023-03-13
808,10,191,2024-08-15
808,5,130,2024-07-30
808,24,39,2024-04-19
809,15,85,2023-11-17
809,10,103,2024-02-10
809,11,158,2024-04-18
809,7,104,2023-07-04
809,3,100,2024-10-12
810,18,23,2023-12-16
811,5,170,2023-08-05
812,1,88,2023-04-03
812,14,130,2023-12-05
812,24,60,2023-09-16
812,19,90,2023-01-19
812,12,118,2023-08-05
813,5,45,2024-10-03
813,15,161,2023-09-21
813,23,75,2024-07-27
814,14,33,2023-09-16
814,21,19,2023-10-03
815,1,92,2024-11-24
815,19,24,2024-04-27
815,17,175,2023-02-10
815,6,143,2024-10-01
815,9,39,2023-01-28
816,23,86,2024-03-29
816,14,123,2023-06-15
816,22,20,2024-01-21
817,7,11,2024-03-07
817,14,122,2023-12-10
818,4,119,2024-11-16
818,16,13,2024-01-02
818,2,52,2024-10-24
819,12,95,2024-08-22
819,6,92,2023-02-28
820,22,58,2023-07-12
820,3,75,2024-05-28
821,15,117,2023-08-09
822,6,17,2024-04-09
822,18,157,2024-01-21
823,10,104,2024-02-07
823,3,78,2023-05-13
823,16,183,2023-12-22
824,4,109,2024-08-15
825,15,19,2023-06-11
825,20,99,2024-02-24
826,9,58,2024-10-27
826,18,167,2023-03-31
826,6,62,2023-07-13
826,4,64,2024-09-15
826,15,166,2024-01-26
827,20,149,2024-10-19
827,21,51,2023-07-19
827,4,159,2024-09-23
827,1,118,2023-01-08
828,14,25,2024-03-24
828,4,107,2023-09-27
828,5,82,2024-07-01
829,9,106,2023-03-30
829,24,76,2023-11-06
829,14,128,2024-03-12
829,16,152,2024-01-23
830,13,22,2023-07-22
830,6,152,2023-07-26
830,11,76,2023-08-07
831,2,29,2024-09-01
831,24,176,2024-08-01
831,22,88,2024-07-11
832,19,101,2023-12-04
832,5,129,2023-04-08
833,19,158,2023-12-29
834,17,40,2023-04-13
834,14,12,2023-03-23
835,17,170,2023-09-22
835,12,95,2024-08-29
836,9,71,2023-05-12
837,22,57,2023-01-16
837,5,182,2024-02-11
837,11,195,2024-10-23
837,1,148,2023-10-04
837,8,114,2024-03-30
838,19,41,2024-12-02
838,4,154,2024-07-03
838,18,145,2023-10-25
839,25,99,2024-12-02
840,17,164,2024-11-09
840,7,20,2024-10-22
841,7,135,2024-06-03
841,1,66,2023-08-02
841,14,13,2023-05-28
842,8,14,2024-02-18
842,2,36,2023-05-17
842,18,198,2024-02-25
842,17,120,2024-03-08
842,10,173,2023-11-15
843,15,188,2024-09-01
843,13,186,2023-08-24
843,19,26,2023-06-23
843,5,158,2024-06-04
844,24,14,2024-12-03
845,1,158,2023-10-21
845,16,127,2024-04-26
845,4,18,2024-02-02
846,12,81,2023-12-07
846,16,16,2023-06-22
846,10,121,2024-04-13
846,25,161,2023-12-10
846,23,39,2024-08-08
847,8,121,2023-03-23
847,17,130,2024-05-22
847,15,63,2023-05-20
848,21,187,2023-01-11
848,10,172,2023-08-10
848,8,91,2024-05-13
848,4,200,2024-02-22
848,25,105,2023-05-02
849,16,163,2023-08-18
849,14,128,2024-07-16
849,20,169,2023-09-04
849,11,51,2024-09-05
850,13,52,2023-03-28
850,6,193,2024-01-18
850,24,131,2024-07-25
850,14,65,2024-09-29
850,8,52,2023-02-04
851,8,20,2023-01-16
851,16,58,2024-11-23
851,25,183,2024-11-09
852,3,114,2024-01-28
852,19,113,2024-01-25
852,22,92,2024-07-02
852,2,184,2023-04-11
852,11,37,2024-10-20
853,3,88,2023-10-08
853,22,58,2024-08-09
853,8,15,2024-03-08
854,13,48,2023-07-14
854,17,157,2024-05-02
854,21,139,2024-07-14
854,8,123,2024-05-01
855,23,172,2023-01-14
855,18,120,2024-11-15
855,3,18,2023-05-31
855,21,100,2024-08-02
856,19,36,2023-10-20
857,1,57,2024-04-13
857,6,70,2024-02-11
857,22,119,2023-07-19
857,9,71,2024-04-16
858,9,128,2023-02-03
858,24,73,2024-04-14
858,22,146,2024-09-08
858,7,21,2023-06-24
859,7,29,2024-06-17
860,9,182,2024-11-03
860,7,133,2023-09-25
860,10,193,2023-01-18
860,3,40,2023-01-13
860,12,121,2024-11-23
861,5,83,2024-04-24
861,14,128,2024-09-10
861,4,107,2024-07-01
861,3,53,2024-02-06
861,24,16,2023-01-18
862,7,133,2023-10-06
862,9,68,2024-02-05
862,15,197,2024-12-09
862,18,98,2024-12-23
863,4,99,2024-09-20
863,9,116,2023-02-24
863,11,88,2024-04-15
864,7,111,2024-04-13
864,3,141,2023-09-27
864,21,146,2024-08-08
864,4,93,2024-01-30
865,6,195,2023-06-04
865,13,14,2024-03-11
865,8,13,2023-08-25
865,16,149,2024-08-07
865,21,175,2023-04-23
866,20,21,2023-01-19
866,9,41,2024-09-15
866,8,86,2023-06-22
866,18,150,2023-02-05
866,7,180,2024-04-07
867,16,36,2024-10-03
867,17,113,2024-05-20
867,24,105,2023-12-11
868,1,77,2023-12-14
868,17,27,2024-11-04
868,2,140,2023-09-17
868,22,185,2023-01-27
869,2,82,2023-05-28
869,25,112,2024-01-12
869,22,193,2024-07-07
869,5,57,2024-05-21
869,10,152,2023-11-01
870,6,77,2023-06-12
870,14,187,2023-10-30
870,3,106,2023-07-29
870,15,18,2023-07-16
870,7,149,2023-08-07
871,7,77,2023-10-04
871,25,154,2024-10-07
871,14,59,2024-07-24
871,3,186,2023-04-27
872,17,31,2023-12-06
873,15,48,2024-07-04
873,5,160,2024-05-13
874,17,11,2024-01-30
874,24,88,2024-06-27
875,1,10,2024-05-21
875,21,174,2023-11-20
875,8,144,2024-02-28
876,9,38,2023-02-28
876,19,177,2024-02-14
877,13,83,2024-06-24
878,14,195,2024-06-13
878,9,132,2024-08-01
878,19,60,2024-01-04
878,6,153,2023-02-16
879,18,196,2023-02-23
879,4,131,2024-11-07
879,7,176,2023-01-23
879,8,43,2024-01-18
880,21,188,2024-08-17
880,16,152,2024-04-07
881,18,29,2023-08-27
882,12,158,2024-11-28
882,7,57,2023-02-17
882,22,103,2023-09-12
883,18,61,2024-06-09
883,8,111,2024-12-03
883,2,134,2024-12-21
883,6,26,2024-10-05
883,3,114,2023-12-13
884,21,71,2024-05-01
885,17,28,2024-01-06
885,10,195,2023-10-25
886,25,13,2023-07-22
886,17,49,2023-04-15
886,15,140,2023-08-20
886,13,136,2024-08-14
887,20,50,2023-08-08
887,1,115,2023-03-30
887,16,186,2023-12-17
888,17,96,2024-05-26
888,3,187,2024-08-28
888,1,17,2024-02-17
889,19,116,2023-11-21
889,3,133,2024-09-11
890,3,123,2023-09-23
890,6,166,2024-03-18
890,17,172,2024-12-10
890,22,66,2024-01-07
890,8,164,2023-10-29
891,11,24,2023-12-19
891,21,152,2024-08-14
891,19,49,2023-09-22
891,8,57,2023-01-11
891,25,124,2024-08-28
892,4,73,2024-03-29
892,9,161,2024-04-14
892,14,91,2023-10-08
892,19,72,2023-09-13
892,12,117,2023-11-07
893,17,54,2024-05-03
893,24,20,2023-05-21
893,5,122,2024-10-26
893,8,52,2023-12-07
893,25,171,2023-09-15
894,17,183,2024-11-18
894,14,31,2024-01-20
894,4,97,2023-10-06
895,22,23,2024-04-19
895,25,187,2023-02-22
895,6,109,2023-10-27
895,8,137,2024-10-10
896,1,108,2023-02-18
896,3,135,2024-10-28
896,22,19,2024-02-02
896,19,31,2024-12-03
896,9,80,2024-11-03
897,5,153,2023-02-18
898,9,85,2024-08-20
899,4,61,2023-07-30
899,6,117,2023-06-24
899,2,42,2023-04-13
899,18,82,2024-11-28
900,15,57,2024-03-02
900,10,64,2023-08-30
900,17,124,2024-11-08
900,11,149,2024-09-15
900,13,175,2023-02-17
901,14,43,2024-04-22
901,23,125,2024-09-29
901,3,127,2023-08-23
901,16,114,2024-02-05
901,8,16,2024-06-29
902,25,185,2024-02-23
902,7,94,2023-11-08
902,20,173,2024-11-21
902,21,26,2024-12-29
903,14,155,2024-01-14
903,18,159,2023-08-27
904,14,102,2024-09-17
905,10,161,2023-03-22
905,3,150,2023-09-30
905,23,74,2024-03-03
905,14,174,2023-05-31
906,14,191,2024-08-30
906,13,72,2023-09-23
907,16,105,2023-04-06
907,24,116,2023-05-02
908,17,79,2024-07-29
909,8,125,2023-06-14
909,11,133,2024-12-25
909,16,192,2024-10-18
910,17,186,2023-07-02
910,12,166,2023-06-03
910,19,80,2023-08-15
910,5,96,2024-06-26
911,8,141,2024-12-04
911,14,188,2024-03-18
911,3,59,2023-11-05
911,18,122,2023-11-19
911,22,84,2023-11-26
912,18,58,2023-08-30
912,19,168,2024-04-24
912,6,106,2024-01-08
913,10,43,2023-05-14
914,9,56,2024-01-26
914,11,99,2023-05-20
914,1,109,2023-12-27
915,21,132,2023-04-08
915,2,142,2024-01-19
915,5,54,2024-05-21
915,4,168,2023-12-08
916,19,111,2024-06-17
916,18,37,2023-03-21
916,3,195,2024-10-16
917,8,122,2023-03-13
918,7,84,2024-02-07
918,25,10,2023-12-24
918,6,67,2023-09-17
918,19,140,2024-02-21
919,10,64,2024-06-21
920,9,121,2023-05-30
920,3,166,2023-04-28
920,21,150,2023-01-21
920,6,12,2023-08-16
921,24,144,2023-06-22
921,13,115,2023-07-05
921,11,36,2023-09-22
921,4,167,2023-04-10
921,1,161,2024-01-07
922,1,62,2023-02-20
922,16,169,2024-11-11
922,24,62,2024-02-07
922,17,183,2024-10-28
923,8,42,2023-02-21
924,10,103,2024-10-04
924,2,160,2023-03-07
924,6,84,2023-03-13
924,22,56,2023-12-17
924,16,101,2023-12-04
925,3,113,2024-01-02
926,15,131,2024-06-02
926,12,87,2024-10-04
926,11,143,2023-06-12
927,7,28,2024-09-08
927,21,12,2024-12-01
927,5,185,2023-08-31
927,18,180,2024-03-05
928,22,97,2023-05-31
928,24,110,2024-11-22
928,25,25,2023-05-06
928,1,96,2023-09-08
929,16,193,2024-10-26
929,7,170,2023-10-08
929,17,82,2023-07-08
930,2,156,2024-09-25
931,1,107,2023-01-26
931,25,39,2023-05-05
931,24,114,2023-08-21
931,14,182,2023-12-17
932,22,97,2024-08-20
933,3,106,2023-08-15
933,15,113,2024-10-21
934,23,52,2024-01-02
935,10,106,2023-06-30
935,23,163,2024-06-29
935,12,128,2023-01-02
936,3,186,2023-11-29
936,17,109,2023-10-15
936,10,168,2023-05-25
936,7,125,2023-02-22
936,8,94,2024-09-14
937,11,14,2023-09-14
937,12,108,2023-10-16
937,9,152,2024-09-16
937,13,58,2024-09-02
938,25,15,2024-11-10
938,6,105,2024-04-23
938,14,59,2023-12-06
939,17,50,2023-07-02
939,18,171,2024-05-06
940,20,121,2024-06-03
940,23,160,2024-07-12
940,19,112,2024-11-28
941,24,195,2023-01-24
941,2,185,2024-12-24
941,18,39,2024-08-06
941,23,141,2024-08-31
942,25,19,2024-10-29
942,11,83,2024-08-14
942,17,37,2024-03-14
942,18,84,2024-05-07
943,7,117,2023-10-20
944,10,123,2023-08-02
944,17,76,2024-11-04
945,4,109,2023-04-25
945,5,40,2024-08-10
945,24,154,2023-03-11
946,15,24,2023-07-26
946,20,52,2023-07-24
947,21,165,2024-05-13
947,24,63,2023-02-08
948,20,175,2024-04-12
949,10,185,2024-02-25
949,7,51,2023-02-16
949,3,31,2024-01-26
950,9,92,2023-04-15
950,23,94,2023-03-15
951,20,57,2024-12-24
951,1,97,2023-06-17
951,2,112,2024-07-15
951,16,109,2024-04-01
952,16,174,2023-03-23
952,5,63,2024-11-21
952,8,117,2024-08-29
952,2,99,2024-04-27
952,13,124,2023-08-20
953,7,184,2023-11-27
953,15,104,2023-12-04
953,23,37,2024-07-15
953,3,23,2024-02-03
953,21,82,2023-07-04
954,8,112,2023-08-30
955,15,102,2023-01-05
955,16,158,2024-06-13
955,13,178,2024-11-06
955,20,187,2024-02-09
956,24,194,2023-03-03
956,5,43,2023-04-03
957,20,65,2023-06-14
957,13,129,2023-11-20
957,16,30,2024-12-12
958,14,159,2024-01-19
958,16,40,2023-06-02
958,11,43,2023-03-21
958,25,17,2023-04-03
958,15,164,2023-07-26
959,11,16,2024-04-26
959,9,51,2024-03-24
959,22,147,2024-08-12
960,23,198,2024-04-07
960,9,145,2024-04-08
960,10,45,2024-10-16
960,7,106,2024-04-12
960,18,160,2023-07-02
961,13,70,2023-08-16
961,19,182,2024-01-16
961,9,109,2023-09-04
961,4,109,2023-01-15
962,9,119,2024-03-21
962,25,139,2024-02-26
962,18,164,2024-09-02
962,17,159,2023-01-20
963,20,132,2024-11-22
963,1,142,2023-11-23
963,17,118,2023-03-25
963,25,69,2023-09-22
964,3,71,2024-07-30
964,10,92,2023-01-15
964,4,159,2023-08-15
964,18,19,2024-04-17
964,23,200,2023-10-10
965,10,129,2024-05-23
965,20,81,2024-11-26
965,2,57,2023-06-11
965,22,127,2023-02-15
965,9,23,2024-10-22
966,5,97,2023-01-26
966,12,195,2023-10-16
966,10,48,2023-09-18
966,9,132,2024-09-16
967,14,74,2023-10-06
967,3,127,2023-05-20
967,2,176,2023-12-02
967,20,51,2024-12-21
967,11,150,2024-06-09
968,9,33,2024-11-02
968,2,167,2024-04-07
968,15,72,2023-02-03
968,11,166,2023-11-16
969,9,107,2024-03-04
970,8,124,2023-09-08
971,6,115,2023-03-17
971,18,143,2024-03-18
971,1,163,2023-05-07
971,8,165,2023-01-25
971,11,186,2024-11-24
972,22,14,2024-08-10
973,21,10,2023-03-19
973,12,194,2024-12-09
973,18,130,2023-10-15
973,16,101,2024-03-16
973,15,17,2024-05-01
974,7,157,2023-07-02
975,7,110,2024-06-22
975,20,125,2024-09-24
975,21,166,2024-01-22
975,6,132,2024-06-17
975,11,187,2024-04-30
976,25,72,2023-05-01
976,22,33,2024-01-30
976,13,132,2024-06-09
977,3,114,2024-02-17
977,17,114,2023-07-22
977,13,197,2024-04-15
977,6,122,2023-04-23
978,14,153,2023-01-26
978,3,110,2023-09-11
978,13,63,2024-01-11
978,8,146,2024-04-17
978,25,40,2023-05-29
979,1,46,2023-01-19
979,7,200,2023-12-18
980,5,142,2023-06-10
980,10,117,2023-04-30
980,22,87,2023-10-14
980,20,16,2024-03-16
981,9,125,2024-02-08
981,13,17,2023-06-09
981,12,90,2023-12-21
981,19,67,2024-02-09
981,16,110,2024-03-04
982,9,176,2024-09-16
982,8,96,2023-07-19
982,19,83,2024-07-15
983,5,37,2024-06-20
984,13,176,2024-12-18
984,6,18,2023-01-12
984,2,29,2023-02-14
984,18,189,2024-03-05
985,17,73,2023-07-08
985,20,75,2023-02-28
986,6,51,2024-11-13
986,18,14,2023-01-02
986,1,100,2023-08-03
986,22,73,2023-08-25
986,19,108,2024-07-16
987,1,100,2024-06-13
987,10,112,2024-05-31
987,21,144,2024-01-29
988,20,163,2023-01-07
988,14,53,2024-06-10
988,2,65,2023-05-09
988,3,58,2023-09-11
989,11,44,2024-06-27
990,1,90,2023-04-24
990,9,173,2024-10-15
990,4,126,2023-12-02
991,17,187,2023-07-30
991,23,47,2023-03-20
991,9,128,2024-05-30
992,17,54,2023-02-17
992,14,132,2024-12-08
992,3,124,2024-04-20
992,21,196,2024-05-28
993,24,167,2023-04-05
993,7,89,2023-04-24
993,8,49,2023-03-25
993,11,15,2024-09-18
993,14,33,2023-03-27
994,9,116,2023-03-16
994,11,193,2024-02-05
994,15,181,2023-05-03
994,13,54,2024-08-05
994,3,157,2024-04-10
995,2,82,2024-08-05
995,24,26,2024-12-21
995,14,13,2024-12-24
996,3,88,2024-09-23
996,18,26,2023-04-13
997,8,114,2023-10-29
997,22,104,2024-07-08
997,6,45,2024-02-05
997,21,64,2024-12-13
998,21,189,2023-01-02
998,14,102,2023-02-19
998,12,82,2024-07-05
999,24,25,2023-06-20
999,3,66,2023-04-06
999,5,148,2023-12-20
999,22,81,2023-09-19
1000,15,76,2024-04-30
1000,22,87,2024-05-20
1000,6,182,2024-12-04
1000,14,23,2023-05-26
1001,20,141,2024-03-01
1002,6,86,2023-10-29
1002,23,183,2023-03-19
1002,17,63,2023-07-07
1002,20,95,2023-08-07
1002,4,64,2024-11-23
1003,21,97,2023-05-17
1003,9,171,2024-08-05
1003,6,193,2023-07-24
1004,5,175,2023-09-01
1004,18,10,2024-02-03
1004,22,137,2023-09-24
1004,14,187,2023-01-06
1005,3,192,2023-05-06
1005,25,126,2023-12-05
1005,8,95,2023-11-05
1005,17,28,2023-09-15
1005,10,72,2024-01-18
1006,25,182,2023-03-08
1006,2,79,2024-06-27
1006,15,168,2023-05-24
1007,17,198,2023-08-11
1008,1,147,2023-02-09
1008,12,45,2024-03-28
1008,23,181,2024-12-12
1009,2,181,2024-07-29
1009,25,90,2024-12-04
1009,12,78,2023-10-17
1010,23,25,2023-09-19
1010,12,112,2024-03-04
1010,3,167,2024-04-05
1010,5,15,2024-07-11
1011,4,161,2023-05-11
1011,20,126,2023-07-18
1011,24,65,2024-05-01
1011,12,173,2023-04-20
1012,5,69,2023-03-16
1012,11,40,2023-06-03
1012,8,90,2024-03-04
1012,1,146,2023-04-20
1013,13,162,2024-08-26
1013,10,74,2024-12-20
1013,8,79,2024-03-16
1014,18,186,2024-05-30
1014,1,92,2023-01-18
1015,22,159,2024-04-24
1015,1,52,2024-05-14
1015,2,197,2023-05-14
1016,4,100,2023-09-02
1016,19,22,2024-05-22
1017,18,97,2024-07-12
1017,16,185,2023-04-24
1017,8,58,2023-08-31
1017,1,158,2024-10-15
1018,2,71,2024-02-05
1019,21,171,2023-07-09
1019,24,63,2023-08-15
1019,25,57,2024-08-14
1020,6,184,2023-04-17
1020,13,103,2023-06-26
1020,5,191,2023-06-19
1020,1,104,2024-11-17
1020,11,190,2023-08-06
1021,24,139,2023-06-20
1021,13,87,2023-01-12
1021,5,165,2023-03-29
1022,12,149,2023-02-21
1022,13,187,2023-11-26
1022,24,66,2024-10-08
1022,15,68,2023-05-24
1023,8,63,2023-08-08
1023,20,28,2023-12-28
1023,19,17,2024-01-26
1023,25,158,2024-10-21
1023,10,184,2023-09-18
1024,3,140,2024-07-27
1024,18,100,2024-11-23
1024,17,123,2024-01-04
1025,15,154,2024-05-28
1025,17,97,2023-11-28
1025,6,133,2024-07-29
1025,1,56,2024-03-13
1025,22,195,2023-11-07
1026,8,13,2024-04-20
1026,20,184,2024-06-24
1026,15,28,2023-10-01
1026,17,153,2024-06-05
1026,7,164,2024-05-18
1027,14,184,2023-03-02
1027,12,143,2023-06-14
1027,21,84,2023-01-12
1027,19,113,2024-06-20
1027,25,172,2024-09-02
1028,15,84,2024-04-25
1029,14,91,2023-12-17
1029,6,183,2024-06-28
1029,22,106,2024-07-02
1030,1,35,2023-05-28
1030,7,146,2024-03-14
1030,6,173,2024-01-29
1030,15,139,2023-02-01
1031,12,23,2023-03-29
1031,17,158,2024-04-23
1031,15,151,2024-01-23
1031,11,18,2023-02-07
1032,2,97,2024-05-08
1032,16,179,2023-04-10
1033,2,112,2023-03-15
1033,9,159,2023-04-22
1034,15,83,2024-09-24
1035,19,171,2024-07-22
1035,1,112,2023-04-21
1036,18,136,2024-06-27
1036,9,58,2024-12-24
1036,16,167,2023-07-02
1037,2,86,2023-06-13
1037,5,171,2024-09-19
1038,25,184,2023-06-30
1038,9,132,2023-03-28
1038,1,70,2024-11-26
1039,19,133,2023-12-02
1040,18,177,2024-07-27
1041,24,56,2023-08-27
1041,22,24,2024-12-08
1041,1,60,2024-03-28
1041,4,111,2023-01-31
1041,3,135,2023-03-30
1042,20,176,2024-04-13
1042,22,28,2024-11-28
1043,20,120,2024-09-07
1043,21,31,2023-04-02
1043,9,173,2024-01-19
1043,5,110,2023-04-10
1044,22,26,2024-03-28
1044,14,17,2024-12-10
1044,9,135,2024-01-20
1044,16,187,2023-09-08
1045,8,117,2024-12-27
1045,12,103,2023-01-09
1045,6,44,2023-11-09
1045,15,189,2023-04-12
1045,11,191,2023-11-10
1046,18,73,2024-07-16
1047,22,59,2023-09-21
1048,21,11,2024-07-06
1049,24,108,2024-07-29
1050,21,144,2023-12-13
1051,6,94,2024-09-23
1051,3,50,2023-12-25
1052,2,108,2023-09-27
1052,16,106,2024-02-08
1052,10,192,2023-10-05
1052,3,188,2024-05-02
1052,24,78,2023-02-22
1053,2,106,2024-02-15
1053,18,16,2024-05-05
1054,5,70,2023-08-05
1054,18,34,2023-02-16
1054,22,111,2024-07-23
1055,5,199,2024-10-03
1055,7,74,2024-08-24
1055,10,81,2023-05-13
1055,13,131,2023-08-27
1056,2,107,2023-12-09
1057,13,25,2023-11-12
1058,15,126,2023-11-29
1058,21,145,2023-08-11
1058,8,146,2024-02-23
1058,16,168,2024-09-02
1059,3,41,2023-04-01
1059,9,149,2024-02-23
1060,2,25,2023-11-13
1061,6,179,2024-02-13
1061,20,75,2024-07-28
1061,1,130,2024-07-10
1061,17,168,2024-05-15
1062,24,25,2023-08-18
1062,2,198,2023-12-27
1062,4,98,2024-04-01
1062,21,110,2023-12-07
1062,15,79,2023-10-19
1063,21,94,2023-12-26
1063,22,148,2024-06-21
1063,14,171,2024-05-13
1063,24,104,2024-05-12
1064,25,15,2023-09-04
1064,12,67,2024-01-20
1064,15,197,2024-10-26
1064,19,67,2023-04-04
1065,21,172,2024-09-06
1065,15,160,2023-08-04
1065,24,196,2023-09-24
1065,11,81,2024-04-08
1066,20,168,2024-05-09
1066,3,193,2024-07-16
1066,1,168,2024-04-11
1066,19,159,2024-01-05
1067,24,145,2024-05-13
1067,16,82,2024-10-08
1068,23,21,2024-05-05
1068,13,147,2023-09-20
1068,11,11,2023-01-21
1068,6,83,2023-02-25
1068,7,90,2023-06-02
1069,7,64,2024-08-25
1069,9,16,2023-03-23
1070,20,16,2024-01-01
1070,18,128,2023-09-30
1070,6,18,2023-03-26
1071,1,49,2024-03-22
1072,25,77,2023-10-24
1072,15,124,2024-06-20
1072,12,98,2023-07-20
1072,11,61,2023-10-12
1073,14,145,2023-09-23
1073,10,45,2023-09-11
1073,23,97,2024-01-22
1073,3,30,2023-08-13
1073,7,36,2023-12-01
1074,5,59,2023-05-02
1074,21,99,2023-08-28
1074,7,139,2024-08-12
1074,2,51,2023-06-17
1075,16,54,2023-08-28
1076,8,23,2024-01-28
1076,22,76,2024-08-30
1076,1,151,2023-01-19
1076,18,173,2023-04-09
1077,18,186,2023-08-02
1078,23,104,2023-01-03
1078,14,138,2023-08-16
1078,3,15,2023-02-02
1078,4,87,2023-05-06
1078,6,87,2023-09-22
1079,2,91,2024-07-08
1079,13,184,2024-10-05
1080,16,44,2024-07-16
1080,5,123,2024-02-03
1080,3,37,2023-11-22
1080,4,189,2024-04-28
1081,17,145,2023-12-17
1081,4,34,2023-12-08
1081,1,178,2023-10-18
1081,19,126,2023-02-12
1082,14,31,2023-05-05
1082,8,95,2024-07-24
1082,12,48,2023-10-30
1082,5,117,2024-09-05
1083,7,28,2023-02-15
1083,21,13,2024-07-22
1083,15,125,2023-11-25
1083,4,11,2023-02-02
1084,18,120,2024-11-25
1084,14,80,2024-12-08
1084,17,117,2024-06-06
1084,21,198,2024-12-11
1085,4,70,2023-07-31
1085,10,99,2023-04-09
1085,16,165,2023-11-05
1086,14,95,2024-03-26
1086,18,59,2023-02-26
1086,19,172,2024-12-04
1087,10,123,2024-09-13
1087,6,107,2024-09-09
1087,11,147,2023-01-26
1087,15,159,2024-01-17
1088,21,184,2024-08-03
1088,23,156,2023-08-20
1088,16,105,2024-09-05
1088,25,32,2023-04-22
1088,8,109,2023-05-25
1089,2,181,2024-10-11
1089,8,176,2023-04-04
1089,24,73,2023-09-02
1089,6,178,2024-04-12
1090,24,183,2024-01-03
1090,1,195,2024-11-22
1090,4,14,2023-01-22
1090,9,167,2024-02-11
1091,23,183,2023-10-02
1091,21,122,2023-03-04
1091,2,175,2024-06-11
1092,12,174,2023-07-30
1093,20,166,2023-05-20
1094,24,46,2024-01-20
1094,22,67,2024-12-01
1094,21,24,2023-06-18
1094,8,176,2024-09-05
1095,16,193,2024-12-24
1095,5,161,2023-12-22
1095,11,117,2023-05-09
1096,23,33,2024-03-12
1097,21,98,2023-07-17
1097,20,185,2024-12-09
1097,23,185,2024-07-24
1098,8,139,2024-01-13
1098,25,84,2023-05-08
1099,13,42,2023-01-26
1100,22,150,2024-01-13
1100,25,198,2024-11-19
1100,1,140,2024-06-02
1100,14,32,2023-06-15
1100,6,92,2023-04-02
1101,13,16,2023-02-19
1101,2,157,2023-01-26
1101,22,146,2023-05-14
1101,7,24,2023-06-11
1102,3,65,2023-10-10
1102,21,77,2023-04-25
1102,17,61,2023-12-28
1103,19,73,2023-09-18
1103,7,92,2023-07-29
1103,14,121,2024-09-10
1104,2,167,2023-11-05
1104,23,171,2024-05-03
1104,17,73,2023-07-25
1104,16,82,2024-03-03
1104,15,134,2024-03-02
1105,10,76,2023-11-15
1105,23,34,2023-08-05
1106,15,147,2024-12-20
1106,13,135,2023-11-21
1106,5,200,2023-11-04
1106,4,84,2023-09-10
1107,1,114,2023-04-11
1107,20,83,2024-03-30
1108,10,61,2023-06-02
1108,5,45,2023-02-13
1108,20,110,2023-04-04
1108,21,145,2024-06-04
1109,24,143,2023-03-02
1109,10,133,2024-04-20
1110,20,194,2023-08-31
1111,19,36,2024-06-03
1111,11,117,2023-02-26
1112,18,160,2023-04-26
1112,23,20,2024-05-29
1113,10,106,2023-07-24
1113,12,45,2023-03-06
1113,9,122,2024-08-11
1113,17,132,2023-06-04
1113,5,62,2023-12-28
1114,4,96,2023-05-10
1114,6,143,2023-12-23
1115,5,181,2023-09-14
1116,15,75,2023-06-09
1116,13,36,2023-11-18
1116,8,169,2023-07-04
1116,9,123,2024-09-26
1116,1,200,2024-08-07
1117,9,97,2023-11-05
1117,15,193,2024-08-22
1117,14,56,2024-09-19
1118,10,166,2023-01-08
1118,13,112,2024-02-22
1119,11,55,2024-11-08
1119,25,27,2023-03-08
1119,4,132,2024-12-08
1119,14,104,2023-09-06
1119,19,28,2024-07-22
1120,4,178,2023-05-17
1120,8,46,2024-06-06
1120,12,171,2024-01-12
1120,23,151,2024-08-13
1121,11,126,2023-03-01
1121,9,17,2024-01-31
1121,21,192,2023-03-30
1122,1,122,2023-09-28
1122,21,76,2024-06-13
1122,12,184,2023-05-19
1123,23,134,2023-11-11
1123,17,116,2023-04-19
1123,2,117,2023-04-12
1124,18,86,2024-12-18
1124,15,39,2023-07-11
1124,17,67,2023-02-24
1125,22,121,2023-09-14
1125,8,21,2024-12-22
1125,4,136,2023-03-09
1125,6,147,2023-11-11
1125,15,70,2024-06-11
1126,12,83,2023-05-06
1126,20,148,2024-06-04
1127,21,75,2024-11-01
1127,5,102,2024-10-14
1128,10,148,2023-12-05
1128,25,147,2023-01-11
1129,13,13,2024-03-30
1130,12,89,2023-07-02
1130,8,37,2023-02-07
1131,14,114,2024-07-23
1131,23,37,2024-01-02
1131,12,77,2023-11-01
1131,10,35,2023-10-01
1132,21,158,2024-10-23
1133,2,177,2023-11-19
1134,10,182,2023-10-25
1135,8,184,2024-02-26
1135,19,30,2024-01-09
1135,21,171,2023-11-20
1135,22,53,2023-07-05
1136,17,82,2023-01-20
1136,21,153,2023-05-25
1136,8,191,2024-01-12
1136,11,12,2023-01-11
1136,9,182,2024-06-21
1137,5,127,2024-05-26
1138,3,188,2023-08-07
1138,5,36,2024-11-09
1138,15,92,2024-04-25
1138,16,108,2024-03-11
1139,11,34,2023-07-02
1139,7,184,2023-12-18
1139,20,125,2023-07-25
1139,1,82,2024-06-13
1139,19,79,2023-06-17
1140,19,10,2023-08-13
1140,9,178,2024-10-02
1140,1,59,2024-01-23
1140,17,17,2024-03-25
1141,20,21,2024-05-05
1141,24,113,2024-06-16
1141,6,76,2024-07-16
1141,19,34,2024-11-09
1141,21,164,2023-07-21
1142,25,85,2024-01-23
1142,13,18,2024-07-29
1142,11,49,2024-04-19
1142,18,187,2024-07-20
1142,24,154,2023-11-03
1143,15,74,2023-04-20
1143,14,92,2023-01-24
1144,14,91,2023-05-16
1144,21,152,2024-08-30
1145,5,70,2024-04-20
1145,17,150,2024-05-04
1145,1,108,2024-12-15
1145,6,91,2024-05-31
1146,6,151,2024-04-02
1146,14,12,2024-04-10
1146,2,103,2023-07-24
1146,1,158,2024-04-30
1147,1,151,2023-06-29
1147,22,140,2024-07-15
1147,4,13,2023-12-06
1147,17,11,2023-07-28
1147,25,188,2023-09-13
1148,1,59,2023-05-25
1148,11,126,2023-10-07
1149,5,132,2023-04-16
1149,18,171,2024-01-15
1149,13,51,2024-09-11
1149,17,195,2024-06-19
1149,24,177,2023-05-20
1150,2,58,2024-11-26
1150,25,12,2023-03-21
1151,3,118,2023-09-28
1151,2,156,2023-04-24
1151,18,198,2023-02-08
1151,25,53,2023-11-01
1152,7,161,2024-08-26
1152,23,129,2024-03-16
1153,21,103,2023-07-16
1153,13,78,2023-03-17
1153,6,27,2024-07-01
1153,4,99,2023-09-20
1154,19,153,2023-11-24
1155,15,10,2024-02-29
1156,15,44,2023-05-15
1156,24,168,2024-10-09
1157,23,88,2024-11-13
1157,20,49,2023-06-24
1158,14,70,2024-03-27
1158,7,88,2023-11-27
1158,11,159,2024-07-25
1158,18,52,2024-10-05
1158,25,190,2023-09-09
1159,7,173,2024-05-13
1159,18,148,2023-11-03
1159,19,134,2024-12-05
1159,25,175,2023-02-21
1160,20,165,2024-02-02
1160,11,32,2023-06-14
1160,12,23,2024-05-26
1161,5,102,2023-12-19
1161,25,144,2023-05-31
1161,24,139,2024-03-28
1161,8,99,2024-02-22
1161,12,126,2023-11-07
1162,17,66,2024-12-20
1162,21,77,2024-10-30
1163,21,34,2024-08-25
1163,7,121,2024-12-28
1163,17,30,2023-12-03
1163,20,179,2024-12-04
1164,1,103,2023-10-21
1164,12,63,2024-11-16
1164,11,14,2024-05-18
1164,18,188,2023-10-03
1164,16,172,2024-04-08
1165,19,32,2024-10-02
1165,14,79,2024-03-30
1166,20,26,2023-11-12
1166,22,119,2024-07-29
1166,25,129,2023-04-18
1166,2,154,2023-10-21
1166,10,93,2023-08-26
1167,21,57,2024-06-17
1167,2,128,2024-10-20
1168,25,186,2023-07-02
1168,17,34,2024-06-01
1168,20,80,2024-07-27
1168,22,94,2023-06-03
1168,24,77,2023-05-01
1169,3,170,2024-04-16
1169,18,51,2024-10-23
1169,20,141,2023-05-01
1169,4,81,2023-06-03
1169,16,96,2024-01-22
1170,10,160,2023-12-31
1170,18,75,2024-07-04
1170,24,20,2023-04-25
1170,16,21,2023-04-23
1170,9,157,2024-10-28
1171,14,151,2024-06-11
1171,6,142,2023-04-12
1172,12,136,2024-09-21
1172,24,178,2023-05-29
1172,18,57,2024-06-02
1172,1,15,2024-12-13
1173,18,173,2023-07-19
1174,12,126,2023-06-08
1175,3,155,2023-12-19
1176,10,180,2023-03-20
1176,7,92,2024-05-28
1176,25,124,2024-04-03
1176,22,92,2024-02-24
1177,22,42,2024-07-20
1177,20,94,2023-01-12
1178,23,172,2023-07-02
1178,25,117,2024-01-04
1178,12,138,2023-01-19
1179,23,186,2023-09-01
1180,9,10,2024-07-25
1180,14,36,2023-03-10
1180,20,96,2023-09-04
1180,24,187,2024-07-22
1180,1,177,2024-06-06
1181,4,49,2023-06-24
1181,5,79,2024-06-25
1181,25,190,2023-03-02
1181,7,57,2024-11-25
1181,13,85,2023-06-28
1182,21,11,2024-08-13
1182,22,44,2023-07-22
1182,10,98,2024-05-02
1182,16,39,2024-06-28
1182,2,156,2024-11-08
1183,13,176,2024-11-03
1184,5,118,2023-07-08
1184,10,22,2023-09-09
1184,23,169,2023-03-25
1184,9,102,2024-09-14
1185,23,146,2024-02-27
1185,16,132,2024-06-19
1185,6,134,2023-01-26
1185,10,83,2024-12-17
1186,13,146,2024-03-18
1186,8,64,2023-09-22
1186,2,95,2023-05-15
1186,22,122,2023-09-27
1187,22,164,2023-04-03
1187,18,17,2024-03-20
1188,4,73,2024-08-10
1188,22,78,2023-11-28
1188,2,174,2023-10-14
1188,23,127,2024-04-08
1188,14,88,2023-03-24
1189,17,13,2023-09-08
1190,25,183,2024-07-20
1190,5,49,2023-09-21
1190,2,50,2023-06-05
1191,1,154,2024-12-16
1191,11,132,2023-03-28
1192,15,120,2023-11-18
1192,8,152,2024-06-21
1192,7,177,2024-10-21
1193,17,106,2023-03-05
1193,16,98,2023-03-20
1194,12,140,2024-10-03
1194,24,115,2023-09-05
1194,5,152,2023-07-07
1194,11,92,2023-12-18
1195,18,119,2024-01-12
1195,12,108,2023-10-25
1195,1,78,2023-03-02
1195,24,138,2024-01-22
1196,17,89,2024-01-11
1196,6,140,2023-11-21
1196,22,131,2023-07-05
1196,13,38,2023-05-16
1197,2,97,2023-12-19
1197,6,100,2024-10-27
1198,13,97,2024-05-30
1198,21,73,2024-04-27
1198,9,71,2023-04-20
1199,15,99,2023-12-13
1199,20,44,2024-10-25
1199,17,159,2023-07-31
1200,21,83,2024-03-06
1200,17,126,2023-05-12
1200,10,11,2023-02-20
